Comparison,alpha_difference,t_stat,p_value,n_obs
Method2_LatentQuality vs Method1_ObservedQuality,-0.001177748847090274,-0.2667063759237316,0.7899003421989126,141.0
Method3_ConservativeQuality vs Method1_ObservedQuality,-0.00025463615441792455,-0.05507327347014251,0.9561211220264536,141.0
Method4_ProbabilisticQuality vs Method1_ObservedQuality,-8.330411101731272e-05,-0.018162152543403892,0.9855230094447434,141.0
