Comparison,alpha_difference,t_stat,p_value,n_obs
Method2_LatentQuality vs Method1_ObservedQuality,-0.0009462072417028757,-0.20454727816622334,0.8380811049465842,141.0
Method3_ConservativeQuality vs Method1_ObservedQuality,-0.0001980236734404556,-0.04317277920661831,0.9655959520078605,141.0
Method4_ProbabilisticQuality vs Method1_ObservedQuality,-2.501183317857574e-05,-0.005224233696423338,0.9958355701558459,141.0
