{
  "model": "FF5_MOM",
  "grs_f_stat": 0.23329520982309565,
  "p_value": 0.9192023919884643,
  "reject_h0_5pct": false,
  "alphas": {
    "Method1_ObservedQuality": 0.0015494816825138286,
    "Method2_LatentQuality": 0.0012585681944265732,
    "Method3_ConservativeQuality": 0.0012349022011626791,
    "Method4_ProbabilisticQuality": 0.0015310835739995039
  },
  "n_obs": 141,
  "n_portfolios": 4,
  "n_factors": 6
}