{
  "model": "FF5_MOM",
  "grs_f_stat": 0.231251915969081,
  "p_value": 0.9203985627628597,
  "reject_h0_5pct": false,
  "alphas": {
    "Method1_ObservedQuality": 0.0005788051191394183,
    "Method2_LatentQuality": 0.0004479911324534037,
    "Method3_ConservativeQuality": 0.0006576424984901497,
    "Method4_ProbabilisticQuality": 0.0005986362767888192
  },
  "n_obs": 141,
  "n_portfolios": 4,
  "n_factors": 6
}