brier_score_model,brier_score_baseline,brier_skill_score,prob_std,auc,log_score
0.2522118036583395,0.16091848465788536,-0.5673264895238408,0.30314374890105344,0.506406845050749,-1.666845849079904
