brier_score_model,brier_score_baseline,brier_skill_score,prob_std,auc,log_score
0.25208235780344235,0.1603855933443371,-0.571726939727301,0.305843806710232,0.5087710632532672,-1.6864790533173055
