brier_score_model,brier_score_baseline,brier_skill_score,prob_std,auc,log_score
0.26082128665330934,0.1603855933443371,-0.6262139336501598,0.3235996072419586,0.5088360826280327,-2.2536608513462224
