parameter,prior_dist,prior_sd,posterior_mean,posterior_sd,contraction
beta_PPE,Normal,0.3,-0.00043565094582834196,0.0019980712565767643,0.9999556412361515
mu_0,Normal,0.1,0.0028380387688815042,0.001547371282065194,0.999760564211544
beta_dREV,Normal,0.3,0.0882772682412573,0.006381370469879297,0.9995475345658461
tau,HalfNormal,0.03014051374945435,0.007224471678057564,0.0011240960115338854,0.9986090692370587
beta_CFO_lag1,Normal,0.3,0.26951554563591573,0.013267378465944347,0.9980441852071267
beta_CFO_curr,Normal,0.3,-0.3064358921992125,0.013692565822650589,0.9979168182354708
omega,HalfNormal,0.03014051374945435,0.0023022989795951224,0.001415972581174172,0.9977929692391901
nu,Gamma,2.0,2.7372171591644596,0.182362167095481,0.99168601000306
sigma_0,HalfNormal,0.03014051374945435,0.06670828484299042,0.014667475588852655,0.7631848694120907
