variant,vs_baseline,median_abs_diff,p95_abs_diff,median_rel_diff_pct,p95_rel_diff_pct,spearman_rho
sigma0_half,baseline,0.00018871594574815242,0.0010313781098619133,0.5043944939056976,1.434166343655118,0.9999345550674404
sigma0_double,baseline,0.00014899983893877644,0.0006449058005183908,0.4212009265022511,1.2514031351759858,0.9999380802043231
tau_double,baseline,0.00014014408477077897,0.0005968908135715628,0.36463255383348736,1.2723960806259167,0.9999356279351873
nu_loose,baseline,0.00015719446792197833,0.0005983790558132029,0.39816599676035125,1.2419730189929234,0.9999297016181093
betas_3x_wider,baseline,0.00014321981079860532,0.0005814588483362399,0.3988527768648818,1.1370370613252234,0.999935423579426
