,baseline,sigma0_half,sigma0_double,tau_double,nu_loose,betas_3x_wider
baseline,1.0,0.9999345550674404,0.9999380802043231,0.9999356279351873,0.9999297016181093,0.999935423579426
sigma0_half,0.9999345550674404,1.0,0.999926380836988,0.9999308766637369,0.9999297527070496,0.9999312342863191
sigma0_double,0.9999380802043231,0.999926380836988,1.0,0.9999328691324096,0.9999308255747965,0.9999309788416175
tau_double,0.9999356279351873,0.9999308766637369,0.9999328691324096,1.0,0.9999315408199612,0.9999387443605473
nu_loose,0.9999297016181093,0.9999297527070496,0.9999308255747965,0.9999315408199612,1.0,0.9999366497139939
betas_3x_wider,0.999935423579426,0.9999312342863191,0.9999309788416175,0.9999387443605473,0.9999366497139939,1.0
