Comparison,alpha_difference,t_stat,p_value,n_obs
Method2_PostMean vs Method1_Raw,-0.0005926598097071645,-0.1388506394061853,0.8896437182513717,192.0
Method3_ProbQ5 vs Method1_Raw,-0.0006398058433086165,-0.15443458032778257,0.8773512931316492,192.0
Method4_ProbMedian vs Method1_Raw,-0.0010724162472769828,-0.26402459729660327,0.7919079579848516,192.0
