{
  "grs_f_stat": 0.39282464834772785,
  "p_value": 0.8136147553301851,
  "alphas": {
    "Method1_Raw": 9.307095941518338e-05,
    "Method2_PostMean": -0.00020299757121161163,
    "Method3_ProbQ5": 0.00010926367778681242,
    "Method4_ProbMedian": -0.00011278158492036292
  },
  "n_obs": 192,
  "n_portfolios": 4,
  "n_factors": 6
}