Gamma,Comparison,PortfolioStrategy,method_sharpe,observed_sharpe,difference,ci_lower,ci_upper,p_value,n_obs,n_boot,block_length
0.10,Conservative gamma=0.10,LongShort,0.6198107178950133,0.5754476269319875,0.04436309096302582,-0.06811584586914744,0.1590015069754722,0.4316,189,10000,6
0.10,Conservative gamma=0.10,Q5,0.9788981201446254,0.9879077669488977,-0.009009646804272298,-0.04708430182738128,0.03062956504325541,0.6616,189,10000,6
0.15,Conservative gamma=0.15,LongShort,0.5848241614164904,0.5754476269319875,0.00937653448450293,-0.12202315098426517,0.13409185443363564,0.8788,189,10000,6
0.15,Conservative gamma=0.15,Q5,0.9570641172985542,0.9879077669488977,-0.030843649650343474,-0.08285586145772199,0.018356221656522134,0.2212,189,10000,6
0.20,Conservative gamma=0.20,LongShort,0.6582088558731434,0.5754476269319875,0.0827612289411559,-0.06344793814874963,0.23033938409083574,0.2594,189,10000,6
0.20,Conservative gamma=0.20,Q5,0.9576227091820616,0.9879077669488977,-0.0302850577668361,-0.0857641473067548,0.02197225684859029,0.2524,189,10000,6
0.30,Conservative gamma=0.30,LongShort,0.6960199610024117,0.5754476269319875,0.12057233407042423,-0.06034300312059624,0.3137506514028782,0.1982,189,10000,6
0.30,Conservative gamma=0.30,Q5,0.960798895781333,0.9879077669488977,-0.027108871167564663,-0.08583792591543597,0.029330214144256222,0.367,189,10000,6
