Gamma,Comparison,Method,PortfolioStrategy,method_sharpe,observed_sharpe,difference,ci_lower,ci_upper,p_value,n_obs,n_boot,valid_boot,block_length,se_monthly,studentized_stat,studentized_quantile_95
0.10,$\gamma=0.10$,Method3_ConservativeQuality,LongShort,0.6582088558731434,0.5754476269319875,0.08298104666946703,-0.07044965139891764,0.23641174473785168,0.28957104289571045,189,10000,10000,6,0.021733624956490036,1.1021891131407233,2.037930971227181
0.10,$\gamma=0.10$,Method3_ConservativeQuality,Q5,0.9576227091820616,0.9879077669488977,-0.030365496308956148,-0.08675995842672557,0.026028965808813278,0.27247275272472754,189,10000,10000,6,0.007747207014080908,1.1314740548553857,2.101361034068161
0.15,$\gamma=0.15$,Method3_ConservativeQuality,LongShort,0.5848241614164903,0.5754476269319875,0.00940143900242961,-0.12691347200989733,0.14571635001475655,0.8892110788921108,189,10000,10000,6,0.019111166043698415,0.14200921404825395,2.0590436603285474
0.15,$\gamma=0.15$,Method3_ConservativeQuality,Q5,0.9570641172985542,0.9879077669488977,-0.03092557183885767,-0.08488233956086867,0.02303119588315334,0.23917608239176083,189,10000,10000,6,0.007333380138557156,1.217370904593563,2.123983332400543
0.20,$\gamma=0.20$,Method3_ConservativeQuality,LongShort,0.6582088558731434,0.5754476269319875,0.08298104666946703,-0.06981293273795583,0.23577502607688985,0.2906709329067093,189,10000,10000,6,0.021733624956490036,1.1021891131407233,2.029473806556301
0.20,$\gamma=0.20$,Method3_ConservativeQuality,Q5,0.9576227091820616,0.9879077669488977,-0.030365496308956148,-0.08681356863149116,0.02608257601357886,0.27377262273772623,189,10000,10000,6,0.007747207014080908,1.1314740548553857,2.1033586485695204
0.30,$\gamma=0.30$,Method3_ConservativeQuality,LongShort,0.6960199610024117,0.5754476269319875,0.12089257987768942,-0.07629347272656246,0.3180786324819413,0.22667733226677333,189,10000,10000,6,0.027658761597169446,1.2617586526823255,2.0580353923574672
0.30,$\gamma=0.30$,Method3_ConservativeQuality,Q5,0.9607988957813332,0.9879077669488977,-0.027180873608241164,-0.08641082859690988,0.03204908138042755,0.3508649135086491,189,10000,10000,6,0.008113315287901305,0.9671067952904956,2.1074264491971317
