Gamma,ComparisonMethod,ComparisonMethodLabel,ObservedPortfolio,ObservedTailFirmYears,ComparisonTailFirmYears,StayedInSameTailFirmYears,LeftObservedTailFirmYears,EnteredComparisonTailFirmYears,TailMembershipChangedFirmYears,DirectOppositeTailFirmYears,ShareObservedTailStayed,ShareObservedTailLeft,ShareComparisonTailEnteredFromNonObservedTail,UniqueFirmsLeftObservedTail,UniqueFirmsEnteredComparisonTail
0.10,Method3_ConservativeQuality,Conservative Quality,Q1,1436,1436,1383,53,53,106,0,0.963091922005571,0.03690807799442897,0.03690807799442897,44,40
0.10,Method3_ConservativeQuality,Conservative Quality,Q5,1434,1434,1388,46,46,92,0,0.9679218967921897,0.03207810320781032,0.03207810320781032,36,33
0.15,Method3_ConservativeQuality,Conservative Quality,Q1,1436,1436,1359,77,77,154,0,0.9463788300835655,0.05362116991643454,0.05362116991643454,62,53
0.15,Method3_ConservativeQuality,Conservative Quality,Q5,1434,1434,1364,70,70,140,0,0.9511854951185496,0.04881450488145049,0.04881450488145049,48,44
0.20,Method3_ConservativeQuality,Conservative Quality,Q1,1436,1436,1334,102,102,204,0,0.9289693593314763,0.07103064066852367,0.07103064066852367,74,66
0.20,Method3_ConservativeQuality,Conservative Quality,Q5,1434,1434,1344,90,90,180,0,0.9372384937238494,0.06276150627615062,0.06276150627615062,59,54
0.30,Method3_ConservativeQuality,Conservative Quality,Q1,1436,1436,1281,155,155,310,0,0.8920612813370473,0.10793871866295264,0.10793871866295264,97,89
0.30,Method3_ConservativeQuality,Conservative Quality,Q5,1434,1434,1303,131,131,262,0,0.9086471408647141,0.09135285913528592,0.09135285913528592,74,69
