Comparison,Method,PortfolioStrategy,method_sharpe,observed_sharpe,difference,ci_lower,ci_upper,p_value,n_obs,n_boot,block_length
Latent,Method2_LatentQuality,LongShort,0.43104384118339484,0.5754476269319875,-0.14440378574859264,-0.31799065142083927,0.008493609792529668,0.0652,189,10000,6
Conservative,Method3_ConservativeQuality,LongShort,0.6198107178950133,0.5754476269319875,0.04436309096302582,-0.0680377063870314,0.1558234447631401,0.4268,189,10000,6
Probabilistic,Method4_ProbabilisticQuality,LongShort,0.6324835610248941,0.5754476269319875,0.05703593409290664,-0.005215784521279133,0.13501918788448233,0.079,189,10000,6
Latent,Method2_LatentQuality,Q5,0.925368773486461,0.9879077669488977,-0.06253899346243674,-0.14067143309069624,0.007464709498752313,0.0814,189,10000,6
Conservative,Method3_ConservativeQuality,Q5,0.9788981201446254,0.9879077669488977,-0.009009646804272298,-0.04703898755819117,0.029870058628266548,0.6466,189,10000,6
Probabilistic,Method4_ProbabilisticQuality,Q5,0.9970645728780848,0.9879077669488977,0.009156805929187106,-0.004571423294326973,0.023562501829839183,0.2176,189,10000,6
