Comparison,Method,PortfolioStrategy,method_sharpe,observed_sharpe,difference,ci_lower,ci_upper,p_value,n_obs,n_boot,valid_boot,block_length,se_monthly,studentized_stat,studentized_quantile_95
Latent,Method2_LatentQuality,LongShort,0.4310438411833949,0.5754476269319875,-0.1447873290157589,-0.31239216494513367,0.022817506913615858,0.08439156084391561,189,10000,10000,6,0.02308045222100467,1.8109047990493963,2.096291186470856
Conservative,Method3_ConservativeQuality,LongShort,0.6582088558731434,0.5754476269319875,0.08298104666946703,-0.0708947109087616,0.23685680424769565,0.28677132286771323,189,10000,10000,6,0.021733624956490036,1.1021891131407233,2.043842438557832
Probabilistic,Method4_ProbabilisticQuality,LongShort,0.6324835610248942,0.5754476269319875,0.057187424224515636,-0.04857291526234055,0.16294776371137182,0.17818218178182182,189,10000,10000,6,0.010670585425694048,1.5471116838061343,2.861171999302515
Latent,Method2_LatentQuality,Q5,0.9253687734864611,0.9879077669488977,-0.06270509997933682,-0.14322230025983088,0.017812100301157242,0.12108789121087891,189,10000,10000,6,0.010887447814421712,1.662593794694364,2.134872563740844
Conservative,Method3_ConservativeQuality,Q5,0.9576227091820616,0.9879077669488977,-0.030365496308956148,-0.08636962224775167,0.025638629629839378,0.2696730326967303,189,10000,10000,6,0.007747207014080908,1.1314740548553857,2.086816392522154
Probabilistic,Method4_ProbabilisticQuality,Q5,0.9970645728780847,0.9879077669488977,0.009181126837705268,-0.012223417003865386,0.030585670679275923,0.2742725727427257,189,10000,10000,6,0.002117824778918876,1.2514552912916597,2.917597166636357
