Comparison,Method,PortfolioStrategy,method_sharpe,observed_sharpe,difference,ci_lower,ci_upper,p_value,n_obs,n_boot,valid_boot,block_length,se_monthly,studentized_stat,studentized_quantile_95
Latent,Method2_LatentQuality,LongShort,0.4969424492584624,0.5754476269319875,-0.07871369112889105,-0.18385537689797563,0.026427994640193513,0.13188681131886812,189,10000,10000,6,0.014515519359125508,1.5654062950770016,2.0909889298473274
Conservative,Method3_ConservativeQuality,LongShort,0.6152877448881031,0.5754476269319875,0.039945935188855995,-0.0904526113258381,0.1703444817035501,0.5466453354664533,189,10000,10000,6,0.018389993230717945,0.6270474421870406,2.046918533021543
Probabilistic,Method4_ProbabilisticQuality,LongShort,0.6324489829635533,0.5754476269319875,0.057152754322212465,-0.04860213901842321,0.16290764766284813,0.17818218178182182,189,10000,10000,6,0.01067042211737085,1.5461974104632839,2.861068450091482
Latent,Method2_LatentQuality,Q5,0.9761366885305882,0.9879077669488977,-0.011802342957886885,-0.06339765548415972,0.03979296956838596,0.6362363763623637,189,10000,10000,6,0.006976166625966348,0.4883832518020153,2.1350240879488847
Conservative,Method3_ConservativeQuality,Q5,0.9615901559212029,0.9879077669488977,-0.026387511844112126,-0.07387992429108582,0.021104900602861576,0.2702729727027297,189,10000,10000,6,0.006649851263075281,1.145502091981911,2.0616819855038755
Probabilistic,Method4_ProbabilisticQuality,Q5,0.9970095630448489,0.9879077669488977,0.009125970895757002,-0.012260170990349166,0.030512112781863165,0.27677232276772323,189,10000,10000,6,0.0021194858270484535,1.2429622519862087,2.912804279532617
