Comparison,Method,PortfolioStrategy,method_sharpe,observed_sharpe,difference,ci_lower,ci_upper,p_value,n_obs,n_boot,valid_boot,block_length,se_monthly,studentized_stat,studentized_quantile_95
Latent,Method2_LatentQuality,LongShort,0.4969424492584624,0.5754476269319875,-0.07871369112889105,-0.18385537689797563,0.026427994640193513,0.13188681131886812,189,10000,10000,6,0.014515519359125508,1.5654062950770016,2.0909889298473274
Conservative,Method3_ConservativeQuality,LongShort,0.6917686085926884,0.5754476269319875,0.11662993567540929,-0.060546241965938115,0.29380611331675666,0.18848115188481152,189,10000,10000,6,0.02470329162406836,1.3629018711854712,2.0704267959893516
Probabilistic,Method4_ProbabilisticQuality,LongShort,0.6324489829635533,0.5754476269319875,0.057152754322212465,-0.04860213901842321,0.16290764766284813,0.17818218178182182,189,10000,10000,6,0.01067042211737085,1.5461974104632839,2.861068450091482
Latent,Method2_LatentQuality,Q5,0.9761366885305882,0.9879077669488977,-0.011802342957886885,-0.06339765548415972,0.03979296956838596,0.6362363763623637,189,10000,10000,6,0.006976166625966348,0.4883832518020153,2.1350240879488847
Conservative,Method3_ConservativeQuality,Q5,0.9630557501361469,0.9879077669488977,-0.02491802494179417,-0.07930774083845842,0.029471690954870077,0.3565643435656434,189,10000,10000,6,0.0074766514987692455,0.9620903428618325,2.0999987172904566
Probabilistic,Method4_ProbabilisticQuality,Q5,0.9970095630448489,0.9879077669488977,0.009125970895757002,-0.012260170990349166,0.030512112781863165,0.27677232276772323,189,10000,10000,6,0.0021194858270484535,1.2429622519862087,2.912804279532617
