PortfolioStrategy,Method,delta_annualized_return_analyst_minus_baseline,delta_annualized_excess_return_analyst_minus_baseline,delta_alpha_annualized_analyst_minus_baseline,delta_t_stat_analyst_minus_baseline,delta_p_value_analyst_minus_baseline
LongShort,Method1_ObservedQuality,0.0,0.0,0.0,0.0,0.0
LongShort,Method2_LatentQuality,0.0034056296585724018,0.0034056296585724018,0.0067214604815121,0.25154886561579437,-0.19595776777875695
LongShort,Method3_ConservativeQuality,-0.0002721231124267996,-0.0002721231124267996,-0.0025555945621283,-0.10450103757972301,-0.0800481310872454
LongShort,Method4_ProbabilisticQuality,2.5929143253798637e-05,2.5929143253798637e-05,-3.27227078194001e-05,-0.0012215755730473066,0.0009571655499311937
Q5,Method1_ObservedQuality,0.0,0.0,0.0,0.0,0.0
Q5,Method2_LatentQuality,0.0016354556894329075,0.0016354556894329075,0.0025457245052712997,0.09748566330881125,-0.03309693874119901
Q5,Method3_ConservativeQuality,0.0013949016339179082,0.0013949016339179915,6.191789860019933e-05,-0.0343556046836162,0.009405858970900904
Q5,Method4_ProbabilisticQuality,0.0,0.0,0.0,0.0,0.0
