PortfolioStrategy,Method,delta_annualized_return_analyst_minus_baseline,delta_annualized_excess_return_analyst_minus_baseline,delta_alpha_annualized_analyst_minus_baseline,delta_t_stat_analyst_minus_baseline,delta_p_value_analyst_minus_baseline
LongShort,Method1_ObservedQuality,0.0,0.0,0.0,0.0,0.0
LongShort,Method2_LatentQuality,0.009651382482244699,0.009651382482244699,0.009529971791186401,0.294213710249076,0.2094855637569779
LongShort,Method3_ConservativeQuality,-0.005427945601157898,-0.005427945601157898,-0.007280585848187101,-0.24802084881437897,-0.19146606767030816
LongShort,Method4_ProbabilisticQuality,0.0,0.0,0.0,0.0,0.0
Q5,Method1_ObservedQuality,0.0,0.0,0.0,0.0,0.0
Q5,Method2_LatentQuality,0.002178450446396002,0.002178450446396002,0.0006997809803599986,0.07784271089804662,-0.023256296711028607
Q5,Method3_ConservativeQuality,-0.000673119366716185,-0.0006731193667161989,-0.0005736532335193015,-0.03736839189750607,0.011917369823143398
Q5,Method4_ProbabilisticQuality,0.0,0.0,0.0,0.0,0.0
