PortfolioStrategy,Method,MethodLabel,annualized_return,annualized_excess_return,volatility_ann,excess_volatility_ann,sharpe_ratio,max_drawdown,n_obs
Q5,Method1_ObservedQuality,Observed Quality,0.13818654686660659,0.11904541211483402,0.12586396977351108,0.12617382610939262,0.9435032271401655,-0.2075890820928208,141
Q5,Method2_LatentQuality,Latent Quality,0.1371020718276959,0.11796093707592337,0.12495807789208203,0.1252306567396036,0.9419493608598061,-0.21386095926852977,141
Q5,Method3_ConservativeQuality,Conservative Quality,0.14005253488473274,0.12091140013296015,0.1271813323524673,0.1274227784158965,0.9488994168555657,-0.21538803014639019,141
Q5,Method4_ProbabilisticQuality,Probabilistic Quality,0.13589859009797958,0.11675745534620699,0.12557227310893002,0.12587629956255825,0.92755709972377,-0.21112230256109144,141
LongShort,Method1_ObservedQuality,Observed Quality,0.02511000975158968,0.02511000975158968,0.1046360379227854,0.1046360379227854,0.23997477590005112,-0.27226302002327674,141
LongShort,Method2_LatentQuality,Latent Quality,0.025473727299108403,0.025473727299108403,0.10382320108136822,0.10382320108136822,0.24535678955943727,-0.2908998084623151,141
LongShort,Method3_ConservativeQuality,Conservative Quality,0.03941210067133687,0.03941210067133687,0.10709604026980744,0.10709604026980744,0.368007076377855,-0.30852389653660783,141
LongShort,Method4_ProbabilisticQuality,Probabilistic Quality,0.022135847824315477,0.022135847824315477,0.10453409397896081,0.10453409397896081,0.21175720745014232,-0.285793423110115,141
