PortfolioStrategy,Method,MethodLabel,annualized_return,annualized_excess_return,volatility_ann,excess_volatility_ann,sharpe_ratio,max_drawdown,n_obs
LongShort,Method1_ObservedQuality,Observed Quality,0.02511000975158968,0.02511000975158968,0.10463603792278543,0.10463603792278543,0.23997477590005106,-0.2722630200232765,141
LongShort,Method2_LatentQuality,Latent Quality,0.02755693376375457,0.02755693376375457,0.10480462683157873,0.10480462683157873,0.26293623284436307,-0.2702502122442665,141
LongShort,Method3_ConservativeQuality,Conservative Quality,0.019135500372335416,0.019135500372335416,0.10745009539370177,0.10745009539370177,0.17808732790996712,-0.29435287302595303,141
LongShort,Method4_ProbabilisticQuality,Probabilistic Quality,0.022135847824315456,0.022135847824315456,0.10453409397896082,0.10453409397896082,0.2117572074501421,-0.2857934231101149,141
