Comparison,alpha_difference,t_stat,p_value,n_obs
Method2_LatentQuality vs Method1_ObservedQuality,0.0010553072798406248,0.2520090796930233,0.8011739691247557,192.0
Method3_ConservativeQuality vs Method1_ObservedQuality,0.00031741132088893356,0.06721317380954069,0.9464483022561807,192.0
Method4_ProbabilisticQuality vs Method1_ObservedQuality,0.0001016457125501656,0.02176610431378548,0.982646265766054,192.0
