Comparison,alpha_difference,t_stat,p_value,n_obs
Method2_LatentQuality vs Method1_ObservedQuality,0.0005908333561952268,0.13654287458819733,0.8914676195249223,189.0
Method3_ConservativeQuality vs Method1_ObservedQuality,-0.00012567521695916548,-0.02725644301448905,0.9782701342484657,189.0
Method4_ProbabilisticQuality vs Method1_ObservedQuality,0.0001397316546806679,0.03076677157807395,0.975472402583375,189.0
