{
  "model": "FF5_MOM",
  "grs_f_stat": 0.08733661665765471,
  "p_value": 0.9862921393147349,
  "reject_h0_5pct": false,
  "alphas": {
    "Method1_ObservedQuality": -0.00016791064728001733,
    "Method2_LatentQuality": -0.00017011715805679146,
    "Method3_ConservativeQuality": -8.626253138844198e-05,
    "Method4_ProbabilisticQuality": -0.00016708200702892473
  },
  "n_obs": 189,
  "n_portfolios": 4,
  "n_factors": 6
}