{
  "model": "FF5_MOM",
  "grs_f_stat": 0.39822830063708703,
  "p_value": 0.8097503476835254,
  "reject_h0_5pct": false,
  "alphas": {
    "Method1_ObservedQuality": 9.310265249175612e-05,
    "Method2_LatentQuality": 0.0007821472729303541,
    "Method3_ConservativeQuality": 0.0003607073934937285,
    "Method4_ProbabilisticQuality": 0.00010672897853320574
  },
  "n_obs": 192,
  "n_portfolios": 4,
  "n_factors": 6
}