brier_score_model,brier_score_baseline,brier_skill_score,prob_std,auc,log_score
0.26193985018567467,0.16035790335240777,-0.6334701608690101,0.32114613552440474,0.5174270955840603,-4.568821922114542
