Comparison,alpha_difference,t_stat,p_value,n_obs
Method2_PostMean vs Method1_Raw,-0.0011644728678047124,-0.2508610728622272,0.8021095372268343,144.0
Method3_ProbQ5 vs Method1_Raw,-0.00204455543487219,-0.45992778658971345,0.645932794530852,144.0
