{
  "grs_f_stat": 1.2276546200988083,
  "p_value": 0.30219022941859053,
  "alphas": {
    "Method1_Raw": 0.00040629546268903263,
    "Method2_PostMean": -0.00014654802584494633,
    "Method3_ProbQ5": 0.00044810511207352236
  },
  "n_obs": 144,
  "n_portfolios": 3,
  "n_factors": 6
}