brier_score_model,brier_score_baseline,brier_skill_score,prob_std,auc,log_score
0.21874330845176496,0.16026652293890717,-0.3648721170243947,0.23677356788848097,0.5334533737680061,-1.0437553825420527
