PortfolioStrategy,Method,MethodLabel,annualized_return,annualized_excess_return,volatility_ann,excess_volatility_ann,sharpe_ratio,max_drawdown,n_obs
LongShort,Method1_ObservedQuality,Observed Quality,0.06651672698584317,0.06651672698584317,0.13321998718817255,0.13321998718817255,0.49929990529040236,-0.26004087332080517,189
LongShort,Method2_LatentQuality,Latent Quality,0.050991813428201485,0.050991813428201485,0.1313378812685829,0.1313378812685829,0.38824909413548725,-0.3012710771238838,189
LongShort,Method3_ConservativeQuality,Conservative Quality,0.07945944091400998,0.07945944091400998,0.1348763786053616,0.1348763786053616,0.5891279239228574,-0.27796181851155377,189
LongShort,Method4_ProbabilisticQuality,Probabilistic Quality,0.07228735456169315,0.07228735456169315,0.13448894222889338,0.13448894222889338,0.5374966399740413,-0.26047068979196875,189
