PortfolioStrategy,Method,MethodLabel,annualized_return,annualized_excess_return,volatility_ann,excess_volatility_ann,sharpe_ratio,max_drawdown,n_obs
Q5,Method1_ObservedQuality,Observed Quality,0.13581848707174538,0.11629264596063475,0.11776923474490701,0.11803581379206879,0.9852318734845613,-0.19898201211018562,189
Q5,Method2_LatentQuality,Latent Quality,0.13379614149249594,0.1142703003813853,0.11934494843347276,0.1196230500690047,0.9552531917173851,-0.20657475032755301,189
Q5,Method3_ConservativeQuality,Conservative Quality,0.1337531915911176,0.11422735048000696,0.12083804929455096,0.12110767763509227,0.9431883486708719,-0.20455363389305115,189
Q5,Method4_ProbabilisticQuality,Probabilistic Quality,0.13661495850494185,0.11708911739383124,0.11739714294919454,0.11766430084293593,0.9951116571042863,-0.19646336474783266,189
LongShort,Method1_ObservedQuality,Observed Quality,0.06651672698584317,0.06651672698584317,0.13321998718817255,0.13321998718817255,0.49929990529040236,-0.26004087332080517,189
LongShort,Method2_LatentQuality,Latent Quality,0.050991813428201485,0.050991813428201485,0.1313378812685829,0.1313378812685829,0.38824909413548725,-0.3012710771238838,189
LongShort,Method3_ConservativeQuality,Conservative Quality,0.08569655179786588,0.08569655179786588,0.13697864239135896,0.13697864239135896,0.6256198068675842,-0.256884126245446,189
LongShort,Method4_ProbabilisticQuality,Probabilistic Quality,0.07228735456169315,0.07228735456169315,0.13448894222889338,0.13448894222889338,0.5374966399740413,-0.26047068979196875,189
