PortfolioStrategy,Method,MethodLabel,annualized_return,annualized_excess_return,volatility_ann,excess_volatility_ann,sharpe_ratio,max_drawdown,n_obs
LongShort,Method1_ObservedQuality,Observed Quality,0.06651672698584317,0.06651672698584317,0.13321998718817255,0.13321998718817255,0.49929990529040236,-0.26004087332080517,189
LongShort,Method2_LatentQuality,Latent Quality,0.05190059061144489,0.05190059061144489,0.12708806034332398,0.12708806034332398,0.40838289978804654,-0.26264545726184496,189
LongShort,Method3_ConservativeQuality,Conservative Quality,0.08327113029527185,0.08327113029527185,0.13795653398991495,0.13795653398991495,0.6036041054884665,-0.25398917791977993,189
LongShort,Method4_ProbabilisticQuality,Probabilistic Quality,0.07258968408416666,0.07258968408416666,0.13430967592811452,0.13430967592811452,0.5404650378504245,-0.26047068979196875,189
