Comparison,alpha_difference,t_stat,p_value,n_obs
Method2_LatentQuality vs Method1_ObservedQuality,0.0002636193111773292,0.059319111015645104,0.9527304920538813,189.0
Method3_ConservativeQuality vs Method1_ObservedQuality,-5.026002280359744e-05,-0.010873124593509972,0.9913306294446582,189.0
Method4_ProbabilisticQuality vs Method1_ObservedQuality,0.00014144680153088413,0.031132554724158178,0.9751808902735188,189.0
