{
  "model": "FF5_MOM",
  "grs_f_stat": 1.8906048724637494,
  "p_value": 0.11401731980605334,
  "reject_h0_5pct": false,
  "alphas": {
    "Method1_ObservedQuality": -0.00016791064728001733,
    "Method2_LatentQuality": -0.00044161485929194766,
    "Method3_ConservativeQuality": -0.00012675874571873376,
    "Method4_ProbabilisticQuality": -0.00016708200702892473
  },
  "n_obs": 189,
  "n_portfolios": 4,
  "n_factors": 6
}