Year,CompanyName,Industry,REVT,COGS,XSGA_COMPONENTS,XRD,XINT,BE,MIB,PROF
2017,2020 Bulkers Ltd,Freight & Logistics Services,0.0,0.0,0.0,0.0,0.0,122.28,0.0,0.0
2018,2020 Bulkers Ltd,Freight & Logistics Services,0.0,0.0,6.0,0.0,0.26,589.97,0.0,-0.010610709019102665
2019,2020 Bulkers Ltd,Freight & Logistics Services,80.06,18.48,41.35,0.0,10.56,1212.3,0.0,0.007976573455415324
2020,2020 Bulkers Ltd,Freight & Logistics Services,460.19,124.22,32.94,0.0,94.11,1218.92,0.0,0.17139763068946282
2021,2020 Bulkers Ltd,Freight & Logistics Services,947.99,152.13,28.36,0.0,81.65,1335.98,0.0,0.5133684635997545
2022,2020 Bulkers Ltd,Freight & Logistics Services,731.13,178.7,42.27,0.0,90.31,1527.27,0.0,0.2749022766112083
2023,2020 Bulkers Ltd,Freight & Logistics Services,735.43,204.7,35.87,0.0,118.18,1631.75,0.0,0.2308441856902099
2024,2020 Bulkers Ltd,Freight & Logistics Services,770.33,172.97,41.9,0.0,73.06,1725.31,1.14,0.2794173013988242
