Year,REVT,COGS,XSGA_COMPONENTS,XRD,XINT,BE,MIB,PROF
2021,0.0,0.0,8.63,0.0,0.0,809.34,0.0,-0.010663009365655967
2022,0.0,0.0,19.21,0.0,0.0,884.62,0.0,-0.021715538875449348
2023,387.61,96.5,40.58,0.0,143.51,1562.88,0.0,0.06847614660114662
2024,1327.72,273.46,54.05,0.0,501.05,1758.49,0.0,0.283857172915399
