PortfolioStrategy,Method,MethodLabel,annualized_return,annualized_excess_return,volatility_ann,excess_volatility_ann,sharpe_ratio,max_drawdown,n_obs
Q5,Method1_ObservedQuality,Observed Quality,0.13818654686660659,0.11904541211483402,0.12586396977351108,0.12617382610939262,0.9435032271401655,-0.2075890820928208,141
Q5,Method2_LatentQuality,Latent Quality,0.13499065223589773,0.11584951748412517,0.12484597706121364,0.1250978737042182,0.9260710358518173,-0.21522992836080024,141
Q5,Method3_ConservativeQuality,Conservative Quality,0.14072565425144892,0.12158451949967634,0.1277635744926921,0.1280009552976988,0.9498719694466388,-0.21819571232599277,141
Q5,Method4_ProbabilisticQuality,Probabilistic Quality,0.13589859009797958,0.11675745534620699,0.12557227310893002,0.12587629956255825,0.92755709972377,-0.21112230256109144,141
LongShort,Method1_ObservedQuality,Observed Quality,0.02511000975158968,0.02511000975158968,0.1046360379227854,0.1046360379227854,0.23997477590005112,-0.27226302002327674,141
LongShort,Method2_LatentQuality,Latent Quality,0.015593151914157726,0.015593151914157726,0.10469341092201487,0.10469341092201487,0.1489411012291205,-0.302469267659659,141
LongShort,Method3_ConservativeQuality,Conservative Quality,0.04420244570592354,0.04420244570592354,0.1073119935963914,0.1073119935963914,0.4119059223908589,-0.28821805305160597,141
LongShort,Method4_ProbabilisticQuality,Probabilistic Quality,0.022135847824315477,0.022135847824315477,0.10453409397896081,0.10453409397896081,0.21175720745014232,-0.285793423110115,141
