PortfolioStrategy,Method,MethodLabel,annualized_return,annualized_excess_return,volatility_ann,excess_volatility_ann,sharpe_ratio,max_drawdown,n_obs
LongShort,Method1_ObservedQuality,Observed Quality,0.02511000975158968,0.02511000975158968,0.1046360379227854,0.1046360379227854,0.23997477590005112,-0.27226302002327674,141
LongShort,Method2_LatentQuality,Latent Quality,0.024223477288347367,0.024223477288347367,0.10550424579497286,0.10550424579497286,0.22959717977057548,-0.2585448983947153,141
LongShort,Method3_ConservativeQuality,Conservative Quality,0.03790550128706913,0.03790550128706913,0.10702101991684503,0.10702101991684503,0.3541874420232733,-0.2920409625240301,141
LongShort,Method4_ProbabilisticQuality,Probabilistic Quality,0.022105663991597108,0.022105663991597108,0.10457369378497551,0.10457369378497551,0.2113883825988856,-0.285793423110115,141
