PortfolioStrategy,Method,MethodLabel,annualized_return,annualized_excess_return,volatility_ann,excess_volatility_ann,sharpe_ratio,max_drawdown,n_obs
LongShort,Method1_ObservedQuality,Observed Quality,0.02511000975158968,0.02511000975158968,0.1046360379227854,0.1046360379227854,0.23997477590005112,-0.27226302002327674,141
LongShort,Method2_LatentQuality,Latent Quality,0.015593151914157726,0.015593151914157726,0.10469341092201487,0.10469341092201487,0.1489411012291205,-0.302469267659659,141
LongShort,Method3_ConservativeQuality,Conservative Quality,0.021918027926935292,0.021918027926935292,0.10682905450900064,0.10682905450900064,0.2051691651458793,-0.2935866561536097,141
LongShort,Method4_ProbabilisticQuality,Probabilistic Quality,0.022135847824315477,0.022135847824315477,0.10453409397896081,0.10453409397896081,0.21175720745014232,-0.285793423110115,141
