Comparison,alpha_difference,t_stat,p_value,n_obs
Method2_LatentQuality vs Method1_ObservedQuality,-0.0009393083290793001,-0.2152642919510528,0.8297249935674005,141.0
Method3_ConservativeQuality vs Method1_ObservedQuality,-0.00036160075744230257,-0.07734461723062588,0.9384071092587816,141.0
Method4_ProbabilisticQuality vs Method1_ObservedQuality,-8.433303168701826e-05,-0.01838598067029071,0.9853446168545341,141.0
