{
  "model": "FF5_MOM",
  "grs_f_stat": 0.287142278451968,
  "p_value": 0.8858954881585825,
  "reject_h0_5pct": false,
  "alphas": {
    "Method1_ObservedQuality": 0.0015494816825138286,
    "Method2_LatentQuality": 0.0014238229131950625,
    "Method3_ConservativeQuality": 0.0012553900196068794,
    "Method4_ProbabilisticQuality": 0.0015310835739995039
  },
  "n_obs": 141,
  "n_portfolios": 4,
  "n_factors": 6
}