brier_score_model,brier_score_baseline,brier_skill_score,prob_std,auc,log_score
0.2521045276502121,0.1603855933443371,-0.5718651681448754,0.3060253312280388,0.5098179255896098,-1.688571248320025
