brier_score_model,brier_score_baseline,brier_skill_score,prob_std,auc,log_score
0.2522825822696615,0.16091848465788536,-0.5677663309222512,0.30333704338757017,0.5078127930114148,-1.6701909351361062
