brier_score_model,brier_score_baseline,brier_skill_score,prob_std,auc,log_score
0.26079631886520055,0.1603855933443371,-0.6260582601411608,0.32392697394488434,0.5099323395281509,-2.244769938624222
