Comparison,alpha_difference,t_stat,p_value,n_obs
Method2_PostMean vs Method1_Raw,-0.0004240999914148097,-0.09304264587219789,0.9259200405038712,192.0
Method3_ProbQ5 vs Method1_Raw,-0.0008078703232001395,-0.19878752998072807,0.8425381368467835,192.0
