brier_score_model,brier_score_baseline,brier_skill_score,prob_std,auc,log_score
0.2192224698321587,0.16039206355215427,-0.36679125498547327,0.2305640716168979,0.5240558495900574,-0.7988039530513888
