brier_score_model,brier_score_baseline,brier_skill_score,prob_std,auc,log_score
0.22004345301300116,0.16027411586424462,-0.3729194625499128,0.23398580549381134,0.5301672180057336,-1.045481748331179
