PortfolioStrategy,Method,MethodLabel,annualized_return,annualized_excess_return,volatility_ann,excess_volatility_ann,sharpe_ratio,max_drawdown,n_obs
Q5,Method1_ObservedQuality,Observed Quality,0.13779030293856073,0.1182644618274501,0.11837087425630151,0.11864786375678,0.9967685728407563,-0.21502344521207462,189
Q5,Method2_LatentQuality,Latent Quality,0.1401832843424139,0.12065744323130322,0.11937760511776134,0.11962375857383932,1.0086411317432886,-0.22649563143506224,189
Q5,Method3_ConservativeQuality,Conservative Quality,0.1400143149948746,0.12048847388376396,0.11916123449608543,0.11942173017382189,1.0089325762437824,-0.22665553153015294,189
Q5,Method4_ProbabilisticQuality,Probabilistic Quality,0.13693942300935286,0.11741358189824222,0.11796576648634978,0.1182345880671551,0.9930561252647443,-0.21228637680855333,189
