PortfolioStrategy,Method,MethodLabel,annualized_return,annualized_excess_return,volatility_ann,excess_volatility_ann,sharpe_ratio,max_drawdown,n_obs
LongShort,Method1_ObservedQuality,Observed Quality,0.0628703866655409,0.0628703866655409,0.12590767129801705,0.12590767129801705,0.49933722081738685,-0.24650046905273815,189
LongShort,Method2_LatentQuality,Latent Quality,0.06003504581385208,0.06003504581385208,0.12275165302201005,0.12275165302201005,0.4890772900882032,-0.25081998219851964,189
LongShort,Method3_ConservativeQuality,Conservative Quality,0.07230541009047345,0.07230541009047345,0.122841934948674,0.122841934948674,0.5886052683937631,-0.2352626660740792,189
LongShort,Method4_ProbabilisticQuality,Probabilistic Quality,0.06982748667557748,0.06982748667557748,0.1292552603366192,0.1292552603366192,0.5402293608300808,-0.26098144270976165,189
