PortfolioStrategy,Method,MethodLabel,annualized_return,annualized_excess_return,volatility_ann,excess_volatility_ann,sharpe_ratio,max_drawdown,n_obs
LongShort,Method1_ObservedQuality,Observed Quality,0.07895787880857044,0.07895787880857044,0.1258908993893926,0.1258908993893926,0.6271929042650348,-0.2094496677298625,189
LongShort,Method2_LatentQuality,Latent Quality,0.07508549849438212,0.07508549849438212,0.12250943646691853,0.12250943646691853,0.6128956320410274,-0.21642987817021897,189
LongShort,Method3_ConservativeQuality,Conservative Quality,0.08702064858020483,0.08702064858020483,0.1225189885303154,0.1225189885303154,0.7102625448027833,-0.20211032968100318,189
LongShort,Method4_ProbabilisticQuality,Probabilistic Quality,0.08483150302878023,0.08483150302878023,0.12928686287613997,0.12928686287613997,0.6561494427322513,-0.21640671709419523,189
