PortfolioStrategy,Method,MethodLabel,annualized_return,annualized_excess_return,volatility_ann,excess_volatility_ann,sharpe_ratio,max_drawdown,n_obs
Q5,Method1_ObservedQuality,Observed Quality,0.13779030293856073,0.1182644618274501,0.11837087425630151,0.11864786375678,0.9967685728407563,-0.21502344521207462,189
Q5,Method2_LatentQuality,Latent Quality,0.13578448073654312,0.11625863962543247,0.12149081523630427,0.12171975062126567,0.9551337316420767,-0.22439567121759207,189
Q5,Method3_ConservativeQuality,Conservative Quality,0.1396806343707445,0.12015479325963385,0.11897736841863042,0.11923788513246168,1.0076897382585541,-0.22665553153015305,189
Q5,Method4_ProbabilisticQuality,Probabilistic Quality,0.1367265351255559,0.11720069401444527,0.1179644665244497,0.11823214373760109,0.9912760634244697,-0.21259572737092103,189
