PortfolioStrategy,Method,MethodLabel,annualized_return,annualized_excess_return,volatility_ann,excess_volatility_ann,sharpe_ratio,max_drawdown,n_obs
Q5,Method1_ObservedQuality,Observed Quality,0.15342315442966703,0.1338973133185564,0.11930430627724449,0.1196226350960465,1.1193309126742492,-0.21057478880768066,189
Q5,Method2_LatentQuality,Latent Quality,0.15065875044000668,0.131132909328896,0.12229190960637856,0.12255834291440593,1.0699631392738274,-0.22018392827945887,189
Q5,Method3_ConservativeQuality,Conservative Quality,0.15464936802573323,0.1351235269146226,0.11978982551155397,0.12009003692777316,1.1251851558334616,-0.2223920260927944,189
Q5,Method4_ProbabilisticQuality,Probabilistic Quality,0.1518840707406167,0.13235822962950605,0.11883039701960983,0.11913773072972159,1.110968194700441,-0.20769615988094625,189
LongShort,Method1_ObservedQuality,Observed Quality,0.07895787880857044,0.07895787880857044,0.1258908993893926,0.1258908993893926,0.6271929042650348,-0.2094496677298625,189
LongShort,Method2_LatentQuality,Latent Quality,0.07508549849438212,0.07508549849438212,0.12250943646691853,0.12250943646691853,0.6128956320410274,-0.21642987817021897,189
LongShort,Method3_ConservativeQuality,Conservative Quality,0.08702064858020483,0.08702064858020483,0.1225189885303154,0.1225189885303154,0.7102625448027833,-0.20211032968100318,189
LongShort,Method4_ProbabilisticQuality,Probabilistic Quality,0.08483150302878023,0.08483150302878023,0.12928686287613997,0.12928686287613997,0.6561494427322513,-0.21640671709419523,189
