PortfolioStrategy,Method,MethodLabel,annualized_return,annualized_excess_return,volatility_ann,excess_volatility_ann,sharpe_ratio,max_drawdown,n_obs
LongShort,Method1_ObservedQuality,Observed Quality,0.060607368820151566,0.060607368820151566,0.12498454792856838,0.12498454792856838,0.48491889457239234,-0.25070515898865187,189
LongShort,Method2_LatentQuality,Latent Quality,0.05811902548803542,0.05811902548803542,0.12268389151059253,0.12268389151059253,0.4737298823213268,-0.25610208262204337,189
LongShort,Method3_ConservativeQuality,Conservative Quality,0.06940480225706089,0.06940480225706089,0.12164304506090927,0.12164304506090927,0.5705612040730189,-0.24419410447312973,189
LongShort,Method4_ProbabilisticQuality,Probabilistic Quality,0.06513511955262126,0.06513511955262126,0.1285695776988064,0.1285695776988064,0.5066137784570631,-0.26573063253942886,189
