PortfolioStrategy,Method,MethodLabel,annualized_return,annualized_excess_return,volatility_ann,excess_volatility_ann,sharpe_ratio,max_drawdown,n_obs
Q5,Method1_ObservedQuality,Observed Quality,0.13779030293856073,0.1182644618274501,0.11837087425630151,0.11864786375678,0.9967685728407563,-0.21502344521207462,189
Q5,Method2_LatentQuality,Latent Quality,0.13578448073654312,0.11625863962543247,0.12149081523630427,0.12171975062126567,0.9551337316420767,-0.22439567121759207,189
Q5,Method3_ConservativeQuality,Conservative Quality,0.1396806343707445,0.12015479325963385,0.11897736841863042,0.11923788513246168,1.0076897382585541,-0.22665553153015305,189
Q5,Method4_ProbabilisticQuality,Probabilistic Quality,0.1367265351255559,0.11720069401444527,0.1179644665244497,0.11823214373760109,0.9912760634244697,-0.21259572737092103,189
LongShort,Method1_ObservedQuality,Observed Quality,0.0628703866655409,0.0628703866655409,0.12590767129801705,0.12590767129801705,0.49933722081738685,-0.24650046905273815,189
LongShort,Method2_LatentQuality,Latent Quality,0.06003504581385208,0.06003504581385208,0.12275165302201005,0.12275165302201005,0.4890772900882032,-0.25081998219851964,189
LongShort,Method3_ConservativeQuality,Conservative Quality,0.07230541009047345,0.07230541009047345,0.122841934948674,0.122841934948674,0.5886052683937631,-0.2352626660740792,189
LongShort,Method4_ProbabilisticQuality,Probabilistic Quality,0.06982748667557748,0.06982748667557748,0.1292552603366192,0.1292552603366192,0.5402293608300808,-0.26098144270976165,189
