SizeGroup,PortfolioStrategy,Method,MethodLabel,annualized_return,annualized_excess_return,volatility_ann,excess_volatility_ann,sharpe_ratio,max_drawdown,n_obs
LargeCap,LongShort,Method1_ObservedQuality,Observed Quality,0.0330398696436423,0.0330398696436423,0.14841957775808348,0.14841957775808348,0.22261126289885855,-0.41919275056974326,189
LargeCap,LongShort,Method2_LatentQuality,Latent Quality,0.012382474855558528,0.012382474855558528,0.13932121645056655,0.13932121645056655,0.08887716581165535,-0.4722005853641925,189
LargeCap,LongShort,Method3_ConservativeQuality,Conservative Quality,0.03361237929373913,0.03361237929373913,0.14942756595090995,0.14942756595090995,0.22494095436702416,-0.43142337598221314,189
LargeCap,LongShort,Method4_ProbabilisticQuality,Probabilistic Quality,0.03191312100143939,0.03191312100143939,0.14817317976790018,0.14817317976790018,0.21537717589261698,-0.39001225108851667,189
SmallCap,LongShort,Method1_ObservedQuality,Observed Quality,0.21938534716531713,0.21938534716531713,0.15553754411793788,0.15553754411793788,1.4104976930776663,-0.16030364767246352,189
SmallCap,LongShort,Method2_LatentQuality,Latent Quality,0.21367537661136926,0.21367537661136926,0.1580467465949693,0.1580467465949693,1.351975799659837,-0.15122885941157327,189
SmallCap,LongShort,Method3_ConservativeQuality,Conservative Quality,0.2343015207364263,0.2343015207364263,0.15512085505686815,0.15512085505686815,1.510445005286556,-0.138200082395312,189
SmallCap,LongShort,Method4_ProbabilisticQuality,Probabilistic Quality,0.2217398519800738,0.2217398519800738,0.1546977434665394,0.1546977434665394,1.433374831534213,-0.16030364767246352,189
