SizeGroup,PortfolioStrategy,Method,MethodLabel,annualized_return,annualized_excess_return,volatility_ann,excess_volatility_ann,sharpe_ratio,max_drawdown,n_obs
LargeCap,Q5,Method1_ObservedQuality,Observed Quality,0.13680007095828908,0.11727422984717845,0.11773512358537229,0.1180059121575744,0.9937996131124436,-0.19948158121326764,189
LargeCap,Q5,Method2_LatentQuality,Latent Quality,0.13251556078196955,0.11298971967085891,0.12174470098736358,0.12194448616206315,0.9265668602735885,-0.2088767955677805,189
LargeCap,Q5,Method3_ConservativeQuality,Conservative Quality,0.136355306923885,0.11682946581277434,0.11874691188411579,0.1189971940433796,0.9817833668429607,-0.20167516432389965,189
LargeCap,Q5,Method4_ProbabilisticQuality,Probabilistic Quality,0.1372784756176992,0.1177526345065886,0.11747174076696269,0.11773877791650907,1.0001176892636796,-0.19948158121326764,189
SmallCap,Q5,Method1_ObservedQuality,Observed Quality,0.11937902664815209,0.09985318553704145,0.16879792487203263,0.16931758396067623,0.5897390170664862,-0.3633221311580346,189
SmallCap,Q5,Method2_LatentQuality,Latent Quality,0.11763442517524661,0.09810858406413599,0.16470163015751776,0.16516487405544675,0.5940039286513209,-0.3402426410842856,189
SmallCap,Q5,Method3_ConservativeQuality,Conservative Quality,0.12706761642286019,0.10754177531174955,0.17367582668766876,0.17413999906614694,0.6175592964767382,-0.37005570184123227,189
SmallCap,Q5,Method4_ProbabilisticQuality,Probabilistic Quality,0.1193088193165274,0.09978297820541678,0.16857326426206176,0.16907718784302794,0.5901622772319572,-0.36332213115803424,189
