SizeGroup,PortfolioStrategy,Method,MethodLabel,annualized_return,annualized_excess_return,volatility_ann,excess_volatility_ann,sharpe_ratio,max_drawdown,n_obs
SmallCap,LongShort,Method1_ObservedQuality,Observed Quality,0.21938534716531732,0.21938534716531732,0.155537544117938,0.155537544117938,1.4104976930776665,-0.16030364767246374,189
SmallCap,LongShort,Method2_LatentQuality,Latent Quality,0.2231430738088192,0.2231430738088192,0.156458543063313,0.156458543063313,1.4262121418229072,-0.14765337624583785,189
SmallCap,LongShort,Method3_ConservativeQuality,Conservative Quality,0.23425378340655523,0.23425378340655523,0.15695917766561654,0.15695917766561654,1.4924503739794428,-0.14926759326451622,189
SmallCap,LongShort,Method4_ProbabilisticQuality,Probabilistic Quality,0.22106459873206652,0.22106459873206652,0.1546837953557917,0.1546837953557917,1.4291387034019358,-0.16030364767246363,189
LargeCap,LongShort,Method1_ObservedQuality,Observed Quality,0.03303986964364232,0.03303986964364232,0.14841957775808354,0.14841957775808354,0.2226112628988586,-0.4191927505697439,189
LargeCap,LongShort,Method2_LatentQuality,Latent Quality,0.01842787728002229,0.01842787728002229,0.1427270010004128,0.1427270010004128,0.12911276178197698,-0.42350714650848587,189
LargeCap,LongShort,Method3_ConservativeQuality,Conservative Quality,0.05078380305129411,0.05078380305129411,0.1514701948503647,0.1514701948503647,0.3352725802027437,-0.3946561349897967,189
LargeCap,LongShort,Method4_ProbabilisticQuality,Probabilistic Quality,0.031913121001439435,0.031913121001439435,0.14817317976790031,0.14817317976790031,0.21537717589261707,-0.39001225108851756,189
