PortfolioStrategy,Method,MethodLabel,annualized_return,annualized_excess_return,volatility_ann,excess_volatility_ann,sharpe_ratio,max_drawdown,n_obs
LongShort,Method1_ObservedQuality,Observed Quality,0.07769028604953965,0.07769028604953965,0.13500843936701454,0.13500843936701454,0.5754476269319876,-0.2723471874043668,189
LongShort,Method2_LatentQuality,Latent Quality,0.0507822433676215,0.0507822433676215,0.13138763588627725,0.13138763588627725,0.38650701814572674,-0.32448505117203263,189
LongShort,Method3_ConservativeQuality,Conservative Quality,0.08045537075621827,0.08045537075621827,0.13294090887829296,0.13294090887829296,0.6051964849275624,-0.2777289439237227,189
LongShort,Method4_ProbabilisticQuality,Probabilistic Quality,0.08567211311723125,0.08567211311723125,0.13545350171379275,0.13545350171379275,0.6324835610248942,-0.2668478501135151,189
