brier_score_model,brier_score_baseline,brier_skill_score,prob_std,auc,log_score
0.2249889260100016,0.16027411586424462,-0.40377580495013743,0.2648612067214393,0.5363393412563806,-1.3113004522402623
