PortfolioStrategy,Method,MethodLabel,annualized_return,annualized_excess_return,volatility_ann,excess_volatility_ann,sharpe_ratio,max_drawdown,n_obs
LongShort,Method1_ObservedQuality,Observed Quality,0.07769028604953965,0.07769028604953965,0.13500843936701454,0.13500843936701454,0.5754476269319876,-0.2723471874043668,189
LongShort,Method2_LatentQuality,Latent Quality,0.05035693657904775,0.05035693657904775,0.12376860082765768,0.12376860082765768,0.40686358448187976,-0.2876032214983951,189
LongShort,Method3_ConservativeQuality,Conservative Quality,0.08400507001706137,0.08400507001706137,0.1408477106617485,0.1408477106617485,0.5964248167213946,-0.27953732916437124,189
LongShort,Method4_ProbabilisticQuality,Probabilistic Quality,0.08535392273807593,0.08535392273807593,0.13555821610399094,0.13555821610399094,0.6296477276788467,-0.2710524612131282,189
