PortfolioStrategy,Method,MethodLabel,annualized_return,annualized_excess_return,volatility_ann,excess_volatility_ann,sharpe_ratio,max_drawdown,n_obs
Q5,Method1_ObservedQuality,Observed Quality,0.13818654686660659,0.11904541211483402,0.12586396977351108,0.12617382610939262,0.9435032271401655,-0.2075890820928208,141
Q5,Method2_LatentQuality,Latent Quality,0.13716910268229376,0.11802796793052117,0.12493471675163516,0.1252062913686873,0.9426680292204442,-0.21386095926852977,141
Q5,Method3_ConservativeQuality,Conservative Quality,0.13697565768494085,0.11783452293316832,0.12458067631308443,0.12486843718868999,0.9436693978567806,-0.2067999188863835,141
Q5,Method4_ProbabilisticQuality,Probabilistic Quality,0.13589859009797958,0.11675745534620699,0.12557227310893002,0.12587629956255825,0.92755709972377,-0.21112230256109144,141
LongShort,Method1_ObservedQuality,Observed Quality,0.02511000975158968,0.02511000975158968,0.1046360379227854,0.1046360379227854,0.23997477590005112,-0.27226302002327674,141
LongShort,Method2_LatentQuality,Latent Quality,0.02524453439640245,0.02524453439640245,0.10425862374082034,0.10425862374082034,0.24213377743368836,-0.2908998084623151,141
LongShort,Method3_ConservativeQuality,Conservative Quality,0.03473617790680428,0.03473617790680428,0.10584484120236874,0.10584484120236874,0.32818016931397603,-0.28483344773386265,141
LongShort,Method4_ProbabilisticQuality,Probabilistic Quality,0.022135847824315477,0.022135847824315477,0.10453409397896081,0.10453409397896081,0.21175720745014232,-0.285793423110115,141
