Comparison,alpha_difference,t_stat,p_value,n_obs
Method2_PostMean vs Method1_Raw,0.0011751156953416532,0.283365280567444,0.7770553204785364,192.0
Method3_ProbQ5 vs Method1_Raw,0.00040206912252887996,0.09816958676969646,0.9218507913909457,192.0
Method4_ProbMedian vs Method1_Raw,0.0012768705223052809,0.3241655879371325,0.7459958466109065,192.0
