{
  "grs_f_stat": 0.36470282540425253,
  "p_value": 0.8335350467670012,
  "alphas": {
    "Method1_Raw": 0.00027441262250075887,
    "Method2_PostMean": 0.0007236697677171862,
    "Method3_ProbQ5": 0.0014609822911532911,
    "Method4_ProbMedian": 0.0016992831259437455
  },
  "n_obs": 192,
  "n_portfolios": 4,
  "n_factors": 6
}