brier_score_model,brier_score_baseline,brier_skill_score,prob_std,auc,log_score
0.20330754119536157,0.16031308622774504,-0.26819055124755975,0.21619552418398835,0.5146905804086555,-2.9974604861873537
