PortfolioStrategy,Method,MethodLabel,annualized_return,annualized_excess_return,volatility_ann,excess_volatility_ann,sharpe_ratio,max_drawdown,n_obs
Q5,Method1_ObservedQuality,Observed Quality,0.1383697520989709,0.11884391098786026,0.13486960297466186,0.13543201781227465,0.8775170960872226,-0.31998447961330656,189
Q5,Method2_LatentQuality,Latent Quality,0.1343211588801081,0.11479531776899747,0.1335231804218925,0.1339847955576855,0.8567786911282316,-0.31306242157081376,189
Q5,Method3_ConservativeQuality,Conservative Quality,0.13966392774356062,0.12013808663244996,0.13615190410106462,0.13667563755942877,0.8790014722280844,-0.3267545210000087,189
Q5,Method4_ProbabilisticQuality,Probabilistic Quality,0.1381546475563254,0.11862880644521476,0.1347862157061036,0.13534282448341467,0.8765060644921882,-0.31998447961330645,189
LongShort,Method1_ObservedQuality,Observed Quality,0.08550880442196843,0.08550880442196843,0.12246931672696541,0.12246931672696541,0.6982059401262342,-0.2243773724944692,189
LongShort,Method2_LatentQuality,Latent Quality,0.08352729596202646,0.08352729596202646,0.12381461247237434,0.12381461247237434,0.6746158171004506,-0.22585673608271595,189
LongShort,Method3_ConservativeQuality,Conservative Quality,0.0919843968619914,0.0919843968619914,0.12602419679635637,0.12602419679635637,0.7298947281578776,-0.21260255780893234,189
LongShort,Method4_ProbabilisticQuality,Probabilistic Quality,0.0863171602671953,0.0863171602671953,0.12327849640030972,0.12327849640030972,0.700180183792203,-0.22658286354300194,189
