PortfolioStrategy,Method,MethodLabel,annualized_return,annualized_excess_return,volatility_ann,excess_volatility_ann,sharpe_ratio,max_drawdown,n_obs
Q5,Method1_ObservedQuality,Observed Quality,0.1567507143909109,0.1374878447554947,0.14386718925628758,0.14440010612295226,0.9521311891448889,-0.32253337715270447,192
Q5,Method2_LatentQuality,Latent Quality,0.15318435540863395,0.13392148577321777,0.1445423803844638,0.14499071602623617,0.9236555928793716,-0.31806978267472985,192
Q5,Method3_ConservativeQuality,Conservative Quality,0.15967871957566165,0.14041584994024547,0.14390258653342397,0.1444326327457298,0.9721892294758916,-0.32038760303406844,192
Q5,Method4_ProbabilisticQuality,Probabilistic Quality,0.15737555046934076,0.13811268083392458,0.14389737252514428,0.14442672945648236,0.9562819940164866,-0.32253337715270414,192
LongShort,Method1_ObservedQuality,Observed Quality,0.11453990497261443,0.11453990497261443,0.12165355089746067,0.12165355089746067,0.9415253737160357,-0.16821620114288194,192
LongShort,Method2_LatentQuality,Latent Quality,0.11143192829215942,0.11143192829215942,0.12135129999854921,0.12135129999854921,0.9182590404346028,-0.19958545911392644,192
LongShort,Method3_ConservativeQuality,Conservative Quality,0.12254820594408544,0.12254820594408544,0.12357014143516908,0.12357014143516908,0.991729915663973,-0.17442801968959398,192
LongShort,Method4_ProbabilisticQuality,Probabilistic Quality,0.11781212940550706,0.11781212940550706,0.12241602629558246,0.12241602629558246,0.9623913875544453,-0.16723884926572552,192
