PortfolioStrategy,Method,MethodLabel,annualized_return,annualized_excess_return,volatility_ann,excess_volatility_ann,sharpe_ratio,max_drawdown,n_obs
LongShort,Method1_ObservedQuality,Observed Quality,0.1054381316305113,0.1054381316305113,0.12414987747466395,0.12414987747466395,0.8492809962863533,-0.20960921511059805,189
LongShort,Method2_LatentQuality,Latent Quality,0.1154929561329818,0.1154929561329818,0.12470307349907217,0.12470307349907217,0.9261436217435419,-0.18835251525283703,189
LongShort,Method3_ConservativeQuality,Conservative Quality,0.11052143929245047,0.11052143929245047,0.1296108168966412,0.1296108168966412,0.8527177124466884,-0.2002944646963971,189
LongShort,Method4_ProbabilisticQuality,Probabilistic Quality,0.1062272889118344,0.1062272889118344,0.12503703514580972,0.12503703514580972,0.849566600711216,-0.21535190643120616,189
