PortfolioStrategy,Method,MethodLabel,annualized_return,annualized_excess_return,volatility_ann,excess_volatility_ann,sharpe_ratio,max_drawdown,n_obs
LongShort,Method1_ObservedQuality,Observed Quality,0.1292089590386776,0.1292089590386776,0.12719787990831097,0.12719787990831097,1.0158106340437143,-0.1959876124318174,189
LongShort,Method2_LatentQuality,Latent Quality,0.12700597399355062,0.12700597399355062,0.12853239727616847,0.12853239727616847,0.9881242137004718,-0.20388137841152265,189
LongShort,Method3_ConservativeQuality,Conservative Quality,0.1357991518112125,0.1357991518112125,0.13121766667759402,0.13121766667759402,1.034915154716745,-0.1978861195480086,189
LongShort,Method4_ProbabilisticQuality,Probabilistic Quality,0.13007986005827954,0.13007986005827954,0.128117665327741,0.128117665327741,1.0153155673381888,-0.19947252221678058,189
