PortfolioStrategy,Method,MethodLabel,annualized_return,annualized_excess_return,volatility_ann,excess_volatility_ann,sharpe_ratio,max_drawdown,n_obs
Q5,Method1_ObservedQuality,Observed Quality,0.1710698966124382,0.15154405550132757,0.13669129833265317,0.13721240712642227,1.104448633145111,-0.30672777552500463,189
Q5,Method2_LatentQuality,Latent Quality,0.1671579490026903,0.14763210789157968,0.13526586216223602,0.1356892833758613,1.0880159745750633,-0.29624109861604275,189
Q5,Method3_ConservativeQuality,Conservative Quality,0.17032183993260558,0.15079599882149494,0.13732067134131595,0.13782695837395997,1.0940965439601926,-0.30254002484529885,189
Q5,Method4_ProbabilisticQuality,Probabilistic Quality,0.17090735523593717,0.15138151412482653,0.1366226752156356,0.13713829313838075,1.1038602760796616,-0.3067277755250045,189
LongShort,Method1_ObservedQuality,Observed Quality,0.1054381316305113,0.1054381316305113,0.12414987747466395,0.12414987747466395,0.8492809962863533,-0.20960921511059805,189
LongShort,Method2_LatentQuality,Latent Quality,0.10263293311136122,0.10263293311136122,0.12539182083215403,0.12539182083215403,0.8184978288874423,-0.20996267985562667,189
LongShort,Method3_ConservativeQuality,Conservative Quality,0.11388960795746253,0.11388960795746253,0.12886673531631343,0.12886673531631343,0.8837781734588963,-0.20935451936640603,189
LongShort,Method4_ProbabilisticQuality,Probabilistic Quality,0.10630460243416137,0.10630460243416137,0.12494081870521825,0.12494081870521825,0.8508396498103104,-0.21535190643120616,189
