PortfolioStrategy,Method,MethodLabel,annualized_return,annualized_excess_return,volatility_ann,excess_volatility_ann,sharpe_ratio,max_drawdown,n_obs
LongShort,Method1_ObservedQuality,Observed Quality,0.1054381316305113,0.1054381316305113,0.12414987747466395,0.12414987747466395,0.8492809962863533,-0.20960921511059805,189
LongShort,Method2_LatentQuality,Latent Quality,0.10263293311136122,0.10263293311136122,0.12539182083215403,0.12539182083215403,0.8184978288874423,-0.20996267985562667,189
LongShort,Method3_ConservativeQuality,Conservative Quality,0.11388960795746253,0.11388960795746253,0.12886673531631343,0.12886673531631343,0.8837781734588963,-0.20935451936640603,189
LongShort,Method4_ProbabilisticQuality,Probabilistic Quality,0.10630460243416137,0.10630460243416137,0.12494081870521825,0.12494081870521825,0.8508396498103104,-0.21535190643120616,189
