PortfolioStrategy,Method,MethodLabel,annualized_return,annualized_excess_return,volatility_ann,excess_volatility_ann,sharpe_ratio,max_drawdown,n_obs
LongShort,Method1_ObservedQuality,Observed Quality,0.08550880442196843,0.08550880442196843,0.12246931672696541,0.12246931672696541,0.6982059401262342,-0.2243773724944692,189
LongShort,Method2_LatentQuality,Latent Quality,0.08352729596202646,0.08352729596202646,0.12381461247237434,0.12381461247237434,0.6746158171004506,-0.22585673608271595,189
LongShort,Method3_ConservativeQuality,Conservative Quality,0.0919843968619914,0.0919843968619914,0.12602419679635637,0.12602419679635637,0.7298947281578776,-0.21260255780893234,189
LongShort,Method4_ProbabilisticQuality,Probabilistic Quality,0.0863171602671953,0.0863171602671953,0.12327849640030972,0.12327849640030972,0.700180183792203,-0.22658286354300194,189
