PortfolioStrategy,Method,MethodLabel,annualized_return,annualized_excess_return,volatility_ann,excess_volatility_ann,sharpe_ratio,max_drawdown,n_obs
Q5,Method1_ObservedQuality,Observed Quality,0.1710698966124382,0.15154405550132757,0.13669129833265317,0.13721240712642227,1.104448633145111,-0.30672777552500463,189
Q5,Method2_LatentQuality,Latent Quality,0.1744017933816557,0.1548759522705451,0.13709490543901726,0.13757134488689476,1.125786423022014,-0.3056409460635431,189
Q5,Method3_ConservativeQuality,Conservative Quality,0.1710232295485464,0.1514973884374357,0.13623817609417635,0.13672391563857852,1.1080533184692427,-0.30144658030635607,189
Q5,Method4_ProbabilisticQuality,Probabilistic Quality,0.17083004171361016,0.15130420060249955,0.13670439524198388,0.1372193234482515,1.1026449978057193,-0.3067277755250043,189
