Comparison,alpha_difference,t_stat,p_value
Method2_PostMean minus Method1_Raw,-0.0004703574782835,-0.114323566993036,0.9090433119495612
Method3_ProbQ5 minus Method1_Raw,-0.002219272439693,-0.5644855360467647,0.5727657775527855
