Method,Q1,Q2,Q3,Q4,Q5,Q5-Q1
Method1_Raw,0.0417070287830712,0.034073791065751,0.074938170644856,0.0789335533655365,0.0724024474089138,
Method2_PostMean,0.0504525497113817,0.0227589118034505,0.0798507900170184,0.0835185964995202,0.0714332308552582,
Method3_ProbQ5,0.0712630517696154,0.0393180602573749,0.0519409291537012,0.0857178800859242,0.0720421160082321,
