{
  "model": "FF5_MOM",
  "grs_f_stat": 0.047588974058933,
  "p_value": 0.9957064019423082,
  "reject_h0_5pct": false,
  "alphas": {
    "Method1_ObservedQuality": -0.00016791064728001733,
    "Method2_LatentQuality": -9.105161447953688e-05,
    "Method3_ConservativeQuality": -0.00013173945708233226,
    "Method4_ProbabilisticQuality": -0.00016708200702892473
  },
  "n_obs": 189,
  "n_portfolios": 4,
  "n_factors": 6
}