PortfolioStrategy,Method,MethodLabel,annualized_return,annualized_excess_return,volatility_ann,excess_volatility_ann,sharpe_ratio,max_drawdown,n_obs
LongShort,Method1_ObservedQuality,Observed Quality,0.02511000975158968,0.02511000975158968,0.1046360379227854,0.1046360379227854,0.23997477590005112,-0.27226302002327674,141
LongShort,Method2_LatentQuality,Latent Quality,0.024116919703712197,0.024116919703712197,0.10678413239083528,0.10678413239083528,0.22584740975787546,-0.26858640449491245,141
LongShort,Method3_ConservativeQuality,Conservative Quality,0.03760516926608009,0.03760516926608009,0.10710591366622858,0.10710591366622858,0.35110264203775077,-0.28937151909449454,141
LongShort,Method4_ProbabilisticQuality,Probabilistic Quality,0.022105663991597108,0.022105663991597108,0.10457369378497551,0.10457369378497551,0.2113883825988856,-0.285793423110115,141
