Comparison,alpha_difference,t_stat,p_value,n_obs
Method2_PostMean vs Method1_Raw,-0.0009198998122907271,-0.20814528954891973,0.8352300516710387,192.0
Method3_ProbQ5 vs Method1_Raw,-0.0024254022979308242,-0.6190796580545618,0.5362448616433939,192.0
