brier_score_model,brier_score_baseline,brier_skill_score,prob_std,auc,log_score
0.22027515056924846,0.16027411586424462,-0.37436509558303177,0.23686924674720575,0.5301804644086984,-1.0750588299517931
