Comparison,alpha_difference,t_stat,p_value,n_obs
Method2_LatentQuality vs Method1_ObservedQuality,-0.0019153338849917274,-0.4177211748952639,0.6764854580586643,141.0
Method3_ConservativeQuality vs Method1_ObservedQuality,0.0003047764835730979,0.06470882369740047,0.9484540775664907,141.0
Method4_ProbabilisticQuality vs Method1_ObservedQuality,-2.6074852782173932e-05,-0.005446049398028761,0.9956587543774029,141.0
