Comparison,alpha_difference,t_stat,p_value,n_obs
Method2_LatentQuality vs Method1_ObservedQuality,-0.0009613234699146619,-0.20662653494831015,0.836458430008018,141.0
Method3_ConservativeQuality vs Method1_ObservedQuality,-5.360541996041624e-05,-0.011277015140617434,0.9910108244621141,141.0
Method4_ProbabilisticQuality vs Method1_ObservedQuality,-2.501183317857574e-05,-0.005224233696423338,0.9958355701558459,141.0
