{
  "model": "FF5_MOM",
  "grs_f_stat": 0.20327433009315246,
  "p_value": 0.9361891210920272,
  "reject_h0_5pct": false,
  "alphas": {
    "Method1_ObservedQuality": 0.0005788051191394183,
    "Method2_LatentQuality": 0.0004405234970624756,
    "Method3_ConservativeQuality": 0.0006529570135331399,
    "Method4_ProbabilisticQuality": 0.0005986362767888192
  },
  "n_obs": 141,
  "n_portfolios": 4,
  "n_factors": 6
}