{
  "model": "FF5_MOM",
  "grs_f_stat": 0.09485717218421366,
  "p_value": 0.9839427778507934,
  "reject_h0_5pct": false,
  "alphas": {
    "Method1_ObservedQuality": 0.0005788051191394183,
    "Method2_LatentQuality": 0.0005311062964877964,
    "Method3_ConservativeQuality": 0.00046759989756642865,
    "Method4_ProbabilisticQuality": 0.0005986362767888192
  },
  "n_obs": 141,
  "n_portfolios": 4,
  "n_factors": 6
}