brier_score_model,brier_score_baseline,brier_skill_score,prob_std,auc,log_score
0.2520350029786021,0.1603855933443371,-0.5714316836269693,0.3057597589128975,0.5087962645613158,-1.684528485423787
