brier_score_model,brier_score_baseline,brier_skill_score,prob_std,auc,log_score
0.26077442129364553,0.1603855933443371,-0.6259217293524635,0.32352207064019783,0.5088627960145643,-2.2510751244298124
