Comparison,alpha_difference,t_stat,p_value,n_obs
Method2_LatentQuality vs Method1_ObservedQuality,-0.001508277958383034,-0.329616679765721,0.7419470920019244,141.0
Method3_ConservativeQuality vs Method1_ObservedQuality,6.753896110659775e-05,0.014867202603134214,0.988149187186441,141.0
Method4_ProbabilisticQuality vs Method1_ObservedQuality,-2.6074852782173932e-05,-0.005446049398028761,0.9956587543774029,141.0
