Comparison,alpha_difference,t_stat,p_value,n_obs
Method2_LatentQuality vs Method1_ObservedQuality,-0.0008803831219287806,-0.19403762981783051,0.846293410790842,141.0
Method3_ConservativeQuality vs Method1_ObservedQuality,-0.00013009365480067675,-0.027223394033332522,0.9783018171241631,141.0
Method4_ProbabilisticQuality vs Method1_ObservedQuality,-2.6074852782173932e-05,-0.005446049398028761,0.9956587543774029,141.0
