Comparison,alpha_difference,t_stat,p_value,n_obs
Method2_LatentQuality vs Method1_ObservedQuality,-0.001508277958383034,-0.329616679765721,0.7419470920019244,141.0
Method3_ConservativeQuality vs Method1_ObservedQuality,0.0002460028379453992,0.051661713238197446,0.9588367295945797,141.0
Method4_ProbabilisticQuality vs Method1_ObservedQuality,-2.6074852782173932e-05,-0.005446049398028761,0.9956587543774029,141.0
