{
  "model": "FF5_MOM",
  "grs_f_stat": 0.07289613791094121,
  "p_value": 0.9902314758128752,
  "reject_h0_5pct": false,
  "alphas": {
    "Method1_ObservedQuality": 0.0005788051191394183,
    "Method2_LatentQuality": 0.0005063268654191261,
    "Method3_ConservativeQuality": 0.0004878073204079713,
    "Method4_ProbabilisticQuality": 0.0005986362767888192
  },
  "n_obs": 141,
  "n_portfolios": 4,
  "n_factors": 6
}