{
  "model": "FF5_MOM",
  "grs_f_stat": 0.05526355868822552,
  "p_value": 0.9942497349767595,
  "reject_h0_5pct": false,
  "alphas": {
    "Method1_ObservedQuality": 0.0005788051191394183,
    "Method2_LatentQuality": 0.0005063268654191261,
    "Method3_ConservativeQuality": 0.0005414379379127136,
    "Method4_ProbabilisticQuality": 0.0005986362767888192
  },
  "n_obs": 141,
  "n_portfolios": 4,
  "n_factors": 6
}