{
  "model": "FF5_MOM",
  "grs_f_stat": 0.05120192629329631,
  "p_value": 0.9950365768757015,
  "reject_h0_5pct": false,
  "alphas": {
    "Method1_ObservedQuality": 0.0005788051191394183,
    "Method2_LatentQuality": 0.0006302902114815376,
    "Method3_ConservativeQuality": 0.0006269281685446234,
    "Method4_ProbabilisticQuality": 0.0005986362767888192
  },
  "n_obs": 141,
  "n_portfolios": 4,
  "n_factors": 6
}