brier_score_model,brier_score_baseline,brier_skill_score,prob_std,auc,log_score
0.2520599392578141,0.1603855933443371,-0.571587160678817,0.30594942664238384,0.5098940335399169,-1.6867261781959975
