Comparison,alpha_difference,t_stat,p_value,n_obs
Method2_PostMean vs Method1_Raw,-0.001541901299641383,-0.37121585847091876,0.7106892254919532,192.0
Method3_ProbQ5 vs Method1_Raw,-0.001693344186921156,-0.4301895218276277,0.6673082341086587,192.0
