Comparison,alpha_difference,t_stat,p_value,n_obs
Method2_PostMean vs Method1_Raw,-0.0013530943746594087,-0.3058715222219536,0.7598744918286435,192.0
Method3_ProbQ5 vs Method1_Raw,-0.0005393206441537292,-0.130422048821086,0.8963034012169464,192.0
