brier_score_model,brier_score_baseline,brier_skill_score,prob_std,auc,log_score
0.22110570404849778,0.16035790335240777,-0.3788263592009473,0.22947102729522048,0.5234769039228753,-1.0082977220847857
