brier_score_model,brier_score_baseline,brier_skill_score,prob_std,auc,log_score
0.21892324150830536,0.16039206355215427,-0.36492564943600625,0.225769159532268,0.5234341302125736,-0.742129991098734
