brier_score_model,brier_score_baseline,brier_skill_score,prob_std,auc,log_score
0.21995279621282285,0.16027411586424462,-0.37235382660995153,0.23015895733329114,0.5298552906897657,-1.0065036390239477
