Comparison,alpha_difference,t_stat,p_value,n_obs
Method2_LatentQuality vs Method1_ObservedQuality,0.0008008447152139317,0.1788227803275682,0.8581763464311298,189.0
Method3_ConservativeQuality vs Method1_ObservedQuality,-0.00017934137169000122,-0.03874233285634067,0.9691170612836779,189.0
Method4_ProbabilisticQuality vs Method1_ObservedQuality,0.00014387034549668675,0.03166690615076106,0.9747550428068494,189.0
