{
  "model": "FF5_MOM",
  "grs_f_stat": 0.056957414495345034,
  "p_value": 0.9939267994312635,
  "reject_h0_5pct": false,
  "alphas": {
    "Method1_ObservedQuality": -0.00016791064728001733,
    "Method2_LatentQuality": -9.27895537477185e-05,
    "Method3_ConservativeQuality": -0.0001556240355529026,
    "Method4_ProbabilisticQuality": -0.0001663247057846889
  },
  "n_obs": 189,
  "n_portfolios": 4,
  "n_factors": 6
}