brier_score_model,brier_score_baseline,brier_skill_score,prob_std,auc,log_score
0.23821677907375177,0.1603370783556099,-0.48572483368702346,0.26361837786948467,0.518932857461114,-1.3068599722155754
