Comparison,alpha_difference,t_stat,p_value,n_obs
Method2_PostMean vs Method1_Raw,-0.000547531177971908,-0.12643779188790313,0.8994540674146809,192.0
Method3_ProbQ5 vs Method1_Raw,-0.0020749397202301776,-0.5366419068622745,0.5918375062296128,192.0
