brier_score_model,brier_score_baseline,brier_skill_score,prob_std,auc,log_score
0.22003048696932517,0.16027411586424462,-0.3728385633753575,0.23396690812236384,0.5301539079181393,-1.0452804704861303
