Comparison,alpha_difference,t_stat,p_value,n_obs
Method2_LatentQuality vs Method1_ObservedQuality,0.00023125070472348672,0.05306196495668331,0.9577116449326684,189.0
Method3_ConservativeQuality vs Method1_ObservedQuality,-0.00042837866771149903,-0.0922949692001802,0.9265144591756447,189.0
Method4_ProbabilisticQuality vs Method1_ObservedQuality,0.00014387034549668675,0.03166690615076106,0.9747550428068494,189.0
