{
  "model": "FF5_MOM",
  "grs_f_stat": 0.3459178137105277,
  "p_value": 0.846620315186742,
  "reject_h0_5pct": false,
  "alphas": {
    "Method1_ObservedQuality": -0.00016791064728001733,
    "Method2_LatentQuality": -0.0002037039347377636,
    "Method3_ConservativeQuality": 2.8005006641913897e-05,
    "Method4_ProbabilisticQuality": -0.0001663247057846889
  },
  "n_obs": 189,
  "n_portfolios": 4,
  "n_factors": 6
}