brier_score_model,brier_score_baseline,brier_skill_score,prob_std,auc,log_score
0.23506674045338563,0.1603370783556099,-0.46607848205911306,0.25059406661908545,0.5189289009896048,-1.1728883575513511
