{
  "grs_f_stat": 0.5978365423277441,
  "p_value": 0.6646565692809338,
  "alphas": {
    "Method1_Raw": 9.310265249175612e-05,
    "Method2_PostMean": 0.0007821472729303541,
    "Method3_ProbQ5": 0.001555743991539348,
    "Method4_ProbMedian": 0.0003162511475308541
  },
  "n_obs": 192,
  "n_portfolios": 4,
  "n_factors": 6
}