brier_score_model,brier_score_baseline,brier_skill_score,prob_std,auc,log_score
0.20623195884347578,0.16035790335240777,-0.28607293143671053,0.22126538114976957,0.5142947116688028,-3.0747571499803454
