PortfolioStrategy,Method,MethodLabel,annualized_return,annualized_excess_return,volatility_ann,excess_volatility_ann,sharpe_ratio,max_drawdown,n_obs
Q4,Method1_ObservedQuality,Observed Quality,0.13928386621880756,0.11975802510769692,0.13944851217842114,0.13968046964201825,0.8573712947459312,-0.28975385542706644,189
Q4,Method2_LatentQuality,Latent Quality,0.1466295129220795,0.12710367181096888,0.13459090971414656,0.1348772785101968,0.9423653354731633,-0.2693256388503211,189
Q4,Method3_ConservativeQuality,Conservative Quality,0.1385530718288008,0.11902723071769022,0.13575634629705977,0.13599732996494565,0.8752174086680261,-0.2779410665240034,189
LongShort,Method1_ObservedQuality,Observed Quality,0.02685844917963319,0.02685844917963319,0.10049344791568367,0.10049344791568367,0.2672656748942284,-0.3565120108923028,189
LongShort,Method2_LatentQuality,Latent Quality,0.034533963270000884,0.034533963270000884,0.1053442182411383,0.1053442182411383,0.3278202054805787,-0.32210994920322733,189
LongShort,Method3_ConservativeQuality,Conservative Quality,0.019655293031081617,0.019655293031081617,0.10229777926308488,0.10229777926308488,0.19213802266941699,-0.3699378050122246,189
