PortfolioStrategy,Method,MethodLabel,annualized_return,annualized_excess_return,volatility_ann,excess_volatility_ann,sharpe_ratio,max_drawdown,n_obs
LongShort,Method1_ObservedQuality,Observed Quality,0.02685844917963319,0.02685844917963319,0.10049344791568367,0.10049344791568367,0.2672656748942284,-0.3565120108923028,189
LongShort,Method2_LatentQuality,Latent Quality,0.034533963270000884,0.034533963270000884,0.1053442182411383,0.1053442182411383,0.3278202054805787,-0.32210994920322733,189
LongShort,Method3_ConservativeQuality,Conservative Quality,0.019655293031081617,0.019655293031081617,0.10229777926308488,0.10229777926308488,0.19213802266941699,-0.3699378050122246,189
