Comparison,alpha_difference,t_stat,p_value,n_obs
Method2_LatentQuality vs Method1_ObservedQuality,-0.0010913556189851327,-0.2515457317191873,0.8015849864292746,141.0
Method3_ConservativeQuality vs Method1_ObservedQuality,-0.0005030464753154797,-0.10776321601473328,0.9142641535202454,141.0
Method4_ProbabilisticQuality vs Method1_ObservedQuality,-8.433303168701826e-05,-0.01838598067029071,0.9853446168545341,141.0
