Comparison,alpha_difference,t_stat,p_value,n_obs
Method2_LatentQuality vs Method1_ObservedQuality,-0.0010913556189851214,-0.2515457317191849,0.8015849864292761,141.0
Method3_ConservativeQuality vs Method1_ObservedQuality,-0.0005030464753154702,-0.10776321601473128,0.9142641535202469,141.0
Method4_ProbabilisticQuality vs Method1_ObservedQuality,-8.433303168700414e-05,-0.01838598067028763,0.9853446168545368,141.0
