Comparison,alpha_difference,t_stat,p_value,n_obs
Method2_LatentQuality vs Method1_ObservedQuality,-0.0015215861312041891,-0.3325332466351995,0.7397465930617253,141.0
Method3_ConservativeQuality vs Method1_ObservedQuality,-0.00010729545904530988,-0.023569232637830076,0.9812137532429261,141.0
Method4_ProbabilisticQuality vs Method1_ObservedQuality,-2.6074852782173932e-05,-0.005446049398028761,0.9956587543774029,141.0
