{
  "model": "FF5_MOM",
  "grs_f_stat": 0.07294214973352138,
  "p_value": 0.9902197497241065,
  "reject_h0_5pct": false,
  "alphas": {
    "Method1_ObservedQuality": 0.0005788051191394183,
    "Method2_LatentQuality": 0.0005066627913348547,
    "Method3_ConservativeQuality": 0.0004878073204079713,
    "Method4_ProbabilisticQuality": 0.0005986362767888192
  },
  "n_obs": 141,
  "n_portfolios": 4,
  "n_factors": 6
}