{
  "model": "FF5_MOM",
  "grs_f_stat": 0.06768329878136045,
  "p_value": 0.9915189251107717,
  "reject_h0_5pct": false,
  "alphas": {
    "Method1_ObservedQuality": 0.0005788051191394183,
    "Method2_LatentQuality": 0.0004622284506718845,
    "Method3_ConservativeQuality": 0.00043001407961980624,
    "Method4_ProbabilisticQuality": 0.0005986362767888192
  },
  "n_obs": 141,
  "n_portfolios": 4,
  "n_factors": 6
}