{
  "model": "FF5_MOM",
  "grs_f_stat": 0.21895644301360973,
  "p_value": 0.9274768332110095,
  "reject_h0_5pct": false,
  "alphas": {
    "Method1_ObservedQuality": 0.0015494816825138286,
    "Method2_LatentQuality": 0.0012930233177538913,
    "Method3_ConservativeQuality": 0.0012480821653394,
    "Method4_ProbabilisticQuality": 0.0015310835739995039
  },
  "n_obs": 141,
  "n_portfolios": 4,
  "n_factors": 6
}