{
  "model": "FF5_MOM",
  "grs_f_stat": 0.2189564430136106,
  "p_value": 0.927476833211009,
  "reject_h0_5pct": false,
  "alphas": {
    "Method1_ObservedQuality": 0.001549481682513831,
    "Method2_LatentQuality": 0.0012930233177539019,
    "Method3_ConservativeQuality": 0.0012480821653394073,
    "Method4_ProbabilisticQuality": 0.001531083573999514
  },
  "n_obs": 141,
  "n_portfolios": 4,
  "n_factors": 6
}