brier_score_model,brier_score_baseline,brier_skill_score,prob_std,auc,log_score
0.25155962882914423,0.16091848465788536,-0.5632736622145247,0.30276337555794225,0.5055959161621169,-1.2095785500993512
