brier_score_model,brier_score_baseline,brier_skill_score,prob_std,auc,log_score
0.25142721451085515,0.1603855933443371,-0.5676421383500312,0.3054608039197167,0.5082146183715519,-1.20686533300984
