Comparison,alpha_difference,t_stat,p_value,n_obs
Method2_PostMean vs Method1_Raw,-0.0008872170873952042,-0.20092561922025146,0.8408671387348132,192.0
Method3_ProbQ5 vs Method1_Raw,-0.0025151580748466215,-0.6444313833643003,0.5196950503849094,192.0
