{
  "grs_f_stat": 1.0389492955127133,
  "p_value": 0.37660942077987325,
  "alphas": {
    "Method1_Raw": -0.0006290982423103283,
    "Method2_PostMean": -0.0008823948446301995,
    "Method3_ProbQ5": -0.0005601100587809606
  },
  "n_obs": 192,
  "n_portfolios": 3,
  "n_factors": 6
}