brier_score_model,brier_score_baseline,brier_skill_score,prob_std,auc,log_score
0.2202662103081933,0.16027411586424462,-0.37430931451690674,0.2368133083367952,0.5301650527283259,-1.0743709666093137
