Comparison,alpha_difference,t_stat,p_value,n_obs
Method2_LatentQuality vs Method1_ObservedQuality,0.0002636193111773292,0.059319111015645104,0.9527304920538813,189.0
Method3_ConservativeQuality vs Method1_ObservedQuality,-6.225310012820257e-05,-0.013648912657969315,0.9891175591290315,189.0
Method4_ProbabilisticQuality vs Method1_ObservedQuality,0.00014144680153088413,0.031132554724158178,0.9751808902735188,189.0
