{
  "model": "FF5_MOM",
  "grs_f_stat": 0.602734854426401,
  "p_value": 0.6611505385592195,
  "reject_h0_5pct": false,
  "alphas": {
    "Method1_ObservedQuality": -0.00016791064728001733,
    "Method2_LatentQuality": -0.00044161485929194766,
    "Method3_ConservativeQuality": -0.0004632283924830403,
    "Method4_ProbabilisticQuality": -0.00016708200702892473
  },
  "n_obs": 189,
  "n_portfolios": 4,
  "n_factors": 6
}