brier_score_model,brier_score_baseline,brier_skill_score,prob_std,auc,log_score
0.24490686010467888,0.1603370783556099,-0.5274499361994271,0.2859803916510134,0.5190296388411069,-1.622301483237823
