{
  "grs_f_stat": 1.8157183048059662,
  "p_value": 0.14585312716795928,
  "alphas": {
    "Method1_Raw": -0.00043154603488593116,
    "Method2_PostMean": -0.00032612504469130076,
    "Method3_ProbQ5": -0.0013720276337203948
  },
  "n_obs": 192,
  "n_portfolios": 3,
  "n_factors": 6
}