brier_score_model,brier_score_baseline,brier_skill_score,prob_std,auc,log_score
0.20827217357042355,0.16031459823233032,-0.29914665206341584,0.2211028222894846,0.5303337240239515,-1.6031770417401834
