Comparison,alpha_difference,t_stat,p_value,n_obs
Method2_LatentQuality vs Method1_ObservedQuality,-0.0010927378645328523,-0.24061142762792598,0.8100402508546165,141.0
Method3_ConservativeQuality vs Method1_ObservedQuality,-0.00023254528108126744,-0.05062421304564864,0.9596626781844397,141.0
Method4_ProbabilisticQuality vs Method1_ObservedQuality,-2.6074852782173932e-05,-0.005446049398028761,0.9956587543774029,141.0
