Comparison,alpha_difference,t_stat,p_value,n_obs
Method2_LatentQuality vs Method1_ObservedQuality,-0.0010927378645328393,-0.24061142762792362,0.8100402508546183,141.0
Method3_ConservativeQuality vs Method1_ObservedQuality,-0.0002848659142911165,-0.05960356408155381,0.9525158000611218,141.0
Method4_ProbabilisticQuality vs Method1_ObservedQuality,-2.6074852782154027e-05,-0.0054460493980246025,0.995658754377406,141.0
