{
  "model": "FF5_MOM",
  "grs_f_stat": 0.062050196600515986,
  "p_value": 0.9928172118996619,
  "reject_h0_5pct": false,
  "alphas": {
    "Method1_ObservedQuality": 0.000578805119139401,
    "Method2_LatentQuality": 0.0004622284506718777,
    "Method3_ConservativeQuality": 0.00044256238145204836,
    "Method4_ProbabilisticQuality": 0.0005986362767887945
  },
  "n_obs": 141,
  "n_portfolios": 4,
  "n_factors": 6
}