brier_score_model,brier_score_baseline,brier_skill_score,prob_std,auc,log_score
0.26075946761865987,0.1603855933443371,-0.6258284935781406,0.3238674019067047,0.5100301206033797,-2.2419021374903423
