Comparison,alpha_difference,t_stat,p_value,n_obs
Method2_PostMean vs Method1_Raw,0.0004674765600004259,0.1057478381368517,0.9158397301230119,192.0
Method3_ProbQ5 vs Method1_Raw,-0.00020693746667834693,-0.04952662485019789,0.9605263436356888,192.0
Method4_ProbMedian vs Method1_Raw,-0.002207574731148983,-0.5018561582956936,0.6160672037744956,192.0
