brier_score_model,brier_score_baseline,brier_skill_score,prob_std,auc,log_score
0.20420990513780965,0.16031308622774504,-0.2738193115919658,0.21697137567171487,0.5142775959900097,-3.0590815952539403
