Comparison,alpha_difference,t_stat,p_value,n_obs
Method2_LatentQuality vs Method1_ObservedQuality,0.0008008447152139317,0.1788227803275682,0.8581763464311298,189.0
Method3_ConservativeQuality vs Method1_ObservedQuality,2.9662740804857306e-05,0.006473769810850481,0.994838261559398,189.0
Method4_ProbabilisticQuality vs Method1_ObservedQuality,0.00014387034549668675,0.03166690615076106,0.9747550428068494,189.0
