brier_score_model,brier_score_baseline,brier_skill_score,prob_std,auc,log_score
0.23821677907375177,0.1603370783556099,-0.48572483368702346,0.26361837786948467,0.5189279879577181,-1.306841603102583
