Comparison,alpha_difference,t_stat,p_value,n_obs
Method2_PostMean vs Method1_Raw,-0.000920628182172434,-0.20822962799233893,0.8351642501826695,192.0
Method3_ProbQ5 vs Method1_Raw,-0.0021738036913707447,-0.5626003324816835,0.5740477725913182,192.0
