brier_score_model,brier_score_baseline,brier_skill_score,prob_std,auc,log_score
0.2214181674089481,0.16035790335240777,-0.3807748965285003,0.23618537829596134,0.5243066815913632,-1.075194292228811
