Comparison,alpha_difference,t_stat,p_value,n_obs
Method2_LatentQuality vs Method1_ObservedQuality,0.0006599777072089294,0.17037837193052535,0.8648072396942479,189.0
Method3_ConservativeQuality vs Method1_ObservedQuality,0.0003276780651430679,0.08044717861110738,0.9359258168805802,189.0
Method4_ProbabilisticQuality vs Method1_ObservedQuality,0.00016059440444949753,0.039622360186311184,0.9684159230720539,189.0
