{
  "model": "FF5_MOM",
  "grs_f_stat": 0.3251894217383598,
  "p_value": 0.8608204278387428,
  "reject_h0_5pct": false,
  "alphas": {
    "Method1_ObservedQuality": 0.000138030105080173,
    "Method2_LatentQuality": -2.407817717324914e-05,
    "Method3_ConservativeQuality": 0.00021864960920795596,
    "Method4_ProbabilisticQuality": 0.00012525167689746123
  },
  "n_obs": 189,
  "n_portfolios": 4,
  "n_factors": 6
}