brier_score_model,brier_score_baseline,brier_skill_score,prob_std,auc,log_score
0.23543569941096834,0.1604854007642689,-0.46702253469641875,0.24993037054751885,0.5135391383380441,-0.9573747122663756
