Comparison,alpha_difference,t_stat,p_value,n_obs
Method2_PostMean vs Method1_Raw,0.0005723272027730198,0.12933875265920575,0.8971598885564296,192.0
Method3_ProbQ5 vs Method1_Raw,0.0003389671629214037,0.0806659366692359,0.9357512409584354,192.0
Method4_ProbMedian vs Method1_Raw,-0.0008107207188138947,-0.17796202598935743,0.8588501895382765,192.0
