{
  "grs_f_stat": 0.5265065837736523,
  "p_value": 0.7163808956350138,
  "alphas": {
    "Method1_Raw": 0.00027441262250075887,
    "Method2_PostMean": 0.0007236697677171862,
    "Method3_ProbQ5": 0.0014609822911532911,
    "Method4_ProbMedian": -7.711615527724016e-05
  },
  "n_obs": 192,
  "n_portfolios": 4,
  "n_factors": 6
}