brier_score_model,brier_score_baseline,brier_skill_score,prob_std,auc,log_score
0.20490227294961305,0.16031308622774504,-0.27813815934229735,0.2177318038959743,0.5138966016625657,-3.1082538135021265
