Comparison,alpha_difference,t_stat,p_value,n_obs
Method2_LatentQuality vs Method1_ObservedQuality,0.0006640430562824425,0.1482852689776996,0.8821997504766685,189.0
Method3_ConservativeQuality vs Method1_ObservedQuality,2.2399141564593493e-05,0.004906568393793369,0.9960878284337791,189.0
Method4_ProbabilisticQuality vs Method1_ObservedQuality,0.00014144680153087557,0.03113255472415632,0.9751808902735202,189.0
