{
  "model": "FF5_MOM",
  "grs_f_stat": 0.027811241672062833,
  "p_value": 0.9984938265759477,
  "reject_h0_5pct": false,
  "alphas": {
    "Method1_ObservedQuality": -0.00016791064728001367,
    "Method2_LatentQuality": -9.784882633388693e-05,
    "Method3_ConservativeQuality": -0.00012639517144013846,
    "Method4_ProbabilisticQuality": -0.00016708200702892688
  },
  "n_obs": 189,
  "n_portfolios": 4,
  "n_factors": 6
}