brier_score_model,brier_score_baseline,brier_skill_score,prob_std,auc,log_score
0.23953058049569226,0.1603370783556099,-0.49391882995672365,0.27094786995149917,0.5186528610158514,-1.042611095673411
