PortfolioStrategy,Method,MethodLabel,annualized_return,annualized_excess_return,volatility_ann,excess_volatility_ann,sharpe_ratio,max_drawdown,n_obs
LongShort,Method1_ObservedQuality,Observed Quality,0.003995792218926431,0.003995792218926431,0.14059680965455054,0.14059680965455054,0.02842021969591046,-0.3915735869676299,189
LongShort,Method2_LatentQuality,Latent Quality,0.003895737737748212,0.003895737737748212,0.13181941576531164,0.13181941576531164,0.029553595842695107,-0.38575631012814515,189
LongShort,Method3_ConservativeQuality,Conservative Quality,0.009888986785043026,0.009888986785043026,0.14056952941983594,0.14056952941983594,0.07034943366359153,-0.38333070239741784,189
LongShort,Method4_ProbabilisticQuality,Probabilistic Quality,0.0076381326720665835,0.0076381326720665835,0.14149958640587254,0.14149958640587254,0.05397989397762356,-0.39292865136540867,189
