PortfolioStrategy,Method,MethodLabel,annualized_return,annualized_excess_return,volatility_ann,excess_volatility_ann,sharpe_ratio,max_drawdown,n_obs
Q5,Method1_ObservedQuality,Observed Quality,0.14705321748538072,0.12752737637427008,0.12556820270219146,0.1259557446669866,1.0124776500781183,-0.22415584510049336,189
Q5,Method2_LatentQuality,Latent Quality,0.14422130009769468,0.12469545898658407,0.12747924248367642,0.12781720645208836,0.9755764693020853,-0.20904993043491082,189
Q5,Method3_ConservativeQuality,Conservative Quality,0.14788368798329454,0.12835784687218393,0.12578024856294684,0.12615878612430442,1.017430896534727,-0.21495810365011092,189
Q5,Method4_ProbabilisticQuality,Probabilistic Quality,0.1472062702142559,0.12768042910314525,0.1256839171394093,0.12606805744937266,1.0127896922217596,-0.2242914496034656,189
LongShort,Method1_ObservedQuality,Observed Quality,0.020533063508392714,0.020533063508392714,0.14071187174484384,0.14071187174484384,0.14592275160425555,-0.3902498976517068,189
LongShort,Method2_LatentQuality,Latent Quality,0.020160941064806825,0.020160941064806825,0.1320637848901609,0.1320637848901609,0.15266063350808043,-0.38451491261718973,189
LongShort,Method3_ConservativeQuality,Conservative Quality,0.026215020373525216,0.026215020373525216,0.14081170151005218,0.14081170151005218,0.18617075209231668,-0.3820390154365654,189
LongShort,Method4_ProbabilisticQuality,Probabilistic Quality,0.024270210597788885,0.024270210597788885,0.14167591415032674,0.14167591415032674,0.17130795127276693,-0.39160705816650987,189
