PortfolioStrategy,Method,MethodLabel,annualized_return,annualized_excess_return,volatility_ann,excess_volatility_ann,sharpe_ratio,max_drawdown,n_obs
LongShort,Method1_ObservedQuality,Observed Quality,0.003995792218926431,0.003995792218926431,0.14059680965455054,0.14059680965455054,0.02842021969591046,-0.3915735869676299,189
LongShort,Method2_LatentQuality,Latent Quality,0.004693176973602728,0.004693176973602728,0.13849814388898601,0.13849814388898601,0.03388620844886247,-0.39527711876996896,189
LongShort,Method3_ConservativeQuality,Conservative Quality,0.009299695154710127,0.009299695154710127,0.13913392671852318,0.13913392671852318,0.06683988135779424,-0.3911723202403564,189
LongShort,Method4_ProbabilisticQuality,Probabilistic Quality,0.007634280189585856,0.007634280189585856,0.14149931530672638,0.14149931530672638,0.05395277124159306,-0.3929286513654092,189
