PortfolioStrategy,Method,MethodLabel,annualized_return,annualized_excess_return,volatility_ann,excess_volatility_ann,sharpe_ratio,max_drawdown,n_obs
Q5,Method1_ObservedQuality,Observed Quality,0.13104121439160304,0.11151537328049244,0.12451710882421949,0.12486756316201922,0.8930691883191318,-0.22528497987404694,189
Q5,Method2_LatentQuality,Latent Quality,0.12842341395713147,0.10889757284602082,0.12638767028757245,0.1266884371696078,0.8595699440212611,-0.21015167519746614,189
Q5,Method3_ConservativeQuality,Conservative Quality,0.13205287974972396,0.11252703863861335,0.12465310836696634,0.12499404514234397,0.9002591964318531,-0.21607779031029728,189
Q5,Method4_ProbabilisticQuality,Probabilistic Quality,0.131103678453913,0.11157783734280237,0.12463293001829744,0.12497971638654398,0.8927675671603258,-0.22542115168074495,189
