PortfolioStrategy,Method,MethodLabel,annualized_return,annualized_excess_return,volatility_ann,excess_volatility_ann,sharpe_ratio,max_drawdown,n_obs
LongShort,Method1_ObservedQuality,Observed Quality,0.023726148364496005,0.023726148364496005,0.14097104910127775,0.14097104910127775,0.16830511311191593,-0.3466609959776136,192
LongShort,Method2_LatentQuality,Latent Quality,0.009548800257193258,0.009548800257193258,0.13276137527424864,0.13276137527424864,0.07192453556215467,-0.34816092041533375,192
LongShort,Method3_ConservativeQuality,Conservative Quality,0.026457104276779518,0.026457104276779518,0.14060712466275518,0.14060712466275518,0.1881633262911579,-0.344714009157414,192
LongShort,Method4_ProbabilisticQuality,Probabilistic Quality,0.026262475976341668,0.026262475976341668,0.14158714358311336,0.14158714358311336,0.18548630413555364,-0.3473185409855526,192
