PortfolioStrategy,Method,MethodLabel,annualized_return,annualized_excess_return,volatility_ann,excess_volatility_ann,sharpe_ratio,max_drawdown,n_obs
Q5,Method1_ObservedQuality,Observed Quality,0.13104121439160304,0.11151537328049244,0.12451710882421949,0.12486756316201922,0.8930691883191318,-0.22528497987404694,189
Q5,Method2_LatentQuality,Latent Quality,0.12842341395713147,0.10889757284602082,0.12638767028757245,0.1266884371696078,0.8595699440212611,-0.21015167519746614,189
Q5,Method3_ConservativeQuality,Conservative Quality,0.13215450788968625,0.11262866677857565,0.12582389738562041,0.1261812701492612,0.8925941753902618,-0.21162679301691412,189
Q5,Method4_ProbabilisticQuality,Probabilistic Quality,0.131103678453913,0.11157783734280237,0.12463293001829744,0.12497971638654398,0.8927675671603258,-0.22542115168074495,189
LongShort,Method1_ObservedQuality,Observed Quality,0.003995792218926431,0.003995792218926431,0.14059680965455054,0.14059680965455054,0.02842021969591046,-0.3915735869676299,189
LongShort,Method2_LatentQuality,Latent Quality,0.003895737737748212,0.003895737737748212,0.13181941576531164,0.13181941576531164,0.029553595842695107,-0.38575631012814515,189
LongShort,Method3_ConservativeQuality,Conservative Quality,0.008438509294898713,0.008438509294898713,0.1399771876355222,0.1399771876355222,0.06028488954122452,-0.41529605345930354,189
LongShort,Method4_ProbabilisticQuality,Probabilistic Quality,0.0076381326720665835,0.0076381326720665835,0.14149958640587254,0.14149958640587254,0.05397989397762356,-0.39292865136540867,189
