PortfolioStrategy,Method,MethodLabel,annualized_return,annualized_excess_return,volatility_ann,excess_volatility_ann,sharpe_ratio,max_drawdown,n_obs
LongShort,Method1_ObservedQuality,Observed Quality,0.009553578072855225,0.009553578072855225,0.14050759844900565,0.14050759844900565,0.06799331977994415,-0.40166951732960987,189
LongShort,Method2_LatentQuality,Latent Quality,0.008632593316165857,0.008632593316165857,0.13312823170535135,0.13312823170535135,0.0648441972494017,-0.39543036534747367,189
LongShort,Method3_ConservativeQuality,Conservative Quality,0.015347868540968455,0.015347868540968455,0.14106571541464308,0.14106571541464308,0.10879942370019198,-0.39280718508576584,189
LongShort,Method4_ProbabilisticQuality,Probabilistic Quality,0.013531480471499035,0.013531480471499035,0.1416393248853504,0.1416393248853504,0.09553477102811708,-0.40295024311879724,189
