PortfolioStrategy,Method,MethodLabel,annualized_return,annualized_excess_return,volatility_ann,excess_volatility_ann,sharpe_ratio,max_drawdown,n_obs
Q5,Method1_ObservedQuality,Observed Quality,0.13104121439160304,0.11151537328049244,0.12451710882421949,0.12486756316201922,0.8930691883191318,-0.22528497987404694,189
Q5,Method2_LatentQuality,Latent Quality,0.13102931430875728,0.11150347319764665,0.12448774589283622,0.12485597801598025,0.8930567440140943,-0.21680065406745463,189
Q5,Method3_ConservativeQuality,Conservative Quality,0.13117161289541251,0.1116457717843019,0.12551216333686716,0.12585167876046993,0.8871218316983618,-0.21030126402821958,189
Q5,Method4_ProbabilisticQuality,Probabilistic Quality,0.13109982597143227,0.11157398486032163,0.12463436859359248,0.124981131157106,0.8927266366318042,-0.22542115168074495,189
