Comparison,alpha_difference,t_stat,p_value,n_obs
Method2_PostMean vs Method1_Raw,-0.0005228693320975937,-0.12085264824597504,0.9038733495465068,192.0
Method3_ProbQ5 vs Method1_Raw,-0.0021680386360678205,-0.5623175148186299,0.5742402147423293,192.0
