brier_score_model,brier_score_baseline,brier_skill_score,prob_std,auc,log_score
0.2200237957865054,0.16027411586424462,-0.37279681500704687,0.23390344053861942,0.5301175439946159,-1.0445623458611752
