Comparison,alpha_difference,t_stat,p_value,n_obs
Method2_PostMean vs Method1_Raw,-0.000688453895165364,-0.16621532348164403,0.8680782903265643,192.0
Method3_ProbQ5 vs Method1_Raw,-0.002759998809064868,-0.688477751510792,0.49158341367962155,192.0
