{
  "grs_f_stat": 1.1394184793678321,
  "p_value": 0.3345111363714599,
  "alphas": {
    "Method1_Raw": -0.00043154603488593116,
    "Method2_PostMean": -0.0007392286006168386,
    "Method3_ProbQ5": -0.0008822332630074181
  },
  "n_obs": 192,
  "n_portfolios": 3,
  "n_factors": 6
}