brier_score_model,brier_score_baseline,brier_skill_score,prob_std,auc,log_score
0.22821818652271592,0.16031459823233032,-0.4235645976043847,0.27023479995185756,0.5340703871263397,-1.547780280657427
