Comparison,alpha_difference,t_stat,p_value,n_obs
Method2_PostMean vs Method1_Raw,-0.0005396738848679467,-0.12465045146129165,0.9008679786174607,192.0
Method3_ProbQ5 vs Method1_Raw,-0.00207095536204893,-0.5355114595910557,0.5926179635472324,192.0
