{
  "grs_f_stat": 1.455848767862169,
  "p_value": 0.2281564323479508,
  "alphas": {
    "Method1_Raw": -0.0006290982423103283,
    "Method2_PostMean": -0.0008803635375276023,
    "Method3_ProbQ5": -0.0004697706741578343
  },
  "n_obs": 192,
  "n_portfolios": 3,
  "n_factors": 6
}