,baseline,sigma0_half,sigma0_double,tau_double,nu_loose,betas_3x_wider
baseline,1.0,0.9999280171980532,0.99993750141858,0.9999396090231415,0.9999355559374463,0.9999306922346121
sigma0_half,0.9999280171980532,1.0,0.9999304490494704,0.9999406628254223,0.9999336104563126,0.9999289899386201
sigma0_double,0.99993750141858,0.9999304490494704,1.0,0.9999373392951522,0.9999460939602538,0.999942527244842
tau_double,0.9999396090231415,0.9999406628254223,0.9999373392951522,1.0,0.9999347453203072,0.9999320702837484
nu_loose,0.9999355559374463,0.9999336104563126,0.9999460939602538,0.9999347453203072,1.0,0.9999464182071094
betas_3x_wider,0.9999306922346121,0.9999289899386201,0.999942527244842,0.9999320702837484,0.9999464182071094,1.0
