Comparison,alpha_difference,t_stat,p_value,n_obs
Method2_PostMean vs Method1_Raw,-0.001008645807010701,-0.25072293811959023,0.8021674946750053,192.0
Method3_ProbQ5 vs Method1_Raw,-0.00213358362307747,-0.5478612875930748,0.584117503024665,192.0
