{
  "grs_f_stat": 0.9990135284103143,
  "p_value": 0.3945861574983389,
  "alphas": {
    "Method1_Raw": -0.0006290982423103283,
    "Method2_PostMean": -0.0010148824543476792,
    "Method3_ProbQ5": -0.0005597132993115021
  },
  "n_obs": 192,
  "n_portfolios": 3,
  "n_factors": 6
}