brier_score_model,brier_score_baseline,brier_skill_score,prob_std,auc,log_score
0.21795144862972102,0.16027411586424462,-0.359866797295767,0.22689030189480908,0.5292931464639491,-0.7397184377835393
