brier_score_model,brier_score_baseline,brier_skill_score,prob_std,auc,log_score
0.24082053559223066,0.1603370783556099,-0.5019641000200674,0.27301490216191315,0.5190174650826173,-1.4228604940071463
