Comparison,alpha_difference,t_stat,p_value,n_obs
Method2_LatentQuality vs Method1_ObservedQuality,0.0006683277192171344,0.14911279603473834,0.8815472069308434,189.0
Method3_ConservativeQuality vs Method1_ObservedQuality,-7.261245355655397e-05,-0.015789307607477675,0.9874111292673333,189.0
Method4_ProbabilisticQuality vs Method1_ObservedQuality,0.00014311304425246047,0.03150108960952277,0.974887188320795,189.0
