Comparison,alpha_difference,t_stat,p_value,n_obs
Method2_LatentQuality vs Method1_ObservedQuality,0.0006683277192171344,0.14911279603473834,0.8815472069308434,189.0
Method3_ConservativeQuality vs Method1_ObservedQuality,-7.602478908076433e-05,-0.01665971882029632,0.986717210028744,189.0
Method4_ProbabilisticQuality vs Method1_ObservedQuality,0.00014311304425246047,0.03150108960952277,0.974887188320795,189.0
