Comparison,alpha_difference,t_stat,p_value,n_obs
Method2_LatentQuality vs Method1_ObservedQuality,-0.0012998606199092345,-0.2630246030371263,0.7928079001502688,105.0
Method3_ConservativeQuality vs Method1_ObservedQuality,-0.00018911145798159606,-0.036205292512253205,0.9711555128692342,105.0
Method4_ProbabilisticQuality vs Method1_ObservedQuality,0.00022462242579406933,0.04238076312923479,0.9662383056332617,105.0
