{
  "model": "FF5_MOM",
  "grs_f_stat": 1.1043728360521932,
  "p_value": 0.35911438931379713,
  "reject_h0_5pct": false,
  "alphas": {
    "Method1_ObservedQuality": 0.004581249083863348,
    "Method2_LatentQuality": 0.004119372187070465,
    "Method3_ConservativeQuality": 0.004655813670427792,
    "Method4_ProbabilisticQuality": 0.004650721498788103
  },
  "n_obs": 105,
  "n_portfolios": 4,
  "n_factors": 6
}