brier_score_model,brier_score_baseline,brier_skill_score,prob_std,auc,log_score
0.24797556584374225,0.1605681579806386,-0.5443632720358125,0.30913124999342106,0.5198436665703807,-1.244491785807141
