PortfolioStrategy,Method,MethodLabel,annualized_return,annualized_excess_return,volatility_ann,excess_volatility_ann,sharpe_ratio,max_drawdown,n_obs
LongShort,Method1_ObservedQuality,Observed Quality,0.07239171058513079,0.07239171058513079,0.13201758298538677,0.13201758298538677,0.5483490073677832,-0.263423281224883,189
LongShort,Method2_LatentQuality,Latent Quality,0.05488706617719723,0.05488706617719723,0.12637740891818922,0.12637740891818922,0.43431074150862303,-0.26621123466869556,189
LongShort,Method3_ConservativeQuality,Conservative Quality,0.0831388405563518,0.0831388405563518,0.1353149498133899,0.1353149498133899,0.6144098687617805,-0.2519602767601038,189
LongShort,Method4_ProbabilisticQuality,Probabilistic Quality,0.07244179797522002,0.07244179797522002,0.13250867972123107,0.13250867972123107,0.546694738243725,-0.26199266041729097,189
