PortfolioStrategy,Method,MethodLabel,annualized_return,annualized_excess_return,volatility_ann,excess_volatility_ann,sharpe_ratio,max_drawdown,n_obs
Q5,Method1_ObservedQuality,Observed Quality,0.11760087551222698,0.0983380058768108,0.11951931855417534,0.1198897404347109,0.8202370404693914,-0.19666695594438488,192
Q5,Method2_LatentQuality,Latent Quality,0.1102562923858603,0.09099342275044411,0.12260023392982214,0.12286322380617185,0.74060748148685,-0.19046300541325067,192
Q5,Method3_ConservativeQuality,Conservative Quality,0.11651674284505673,0.09725387320964052,0.11940819516514808,0.11976686238644597,0.8120265595322697,-0.18770699363493204,192
Q5,Method4_ProbabilisticQuality,Probabilistic Quality,0.11825619520493814,0.09899332556952195,0.11931046283438772,0.11967616883006751,0.8271765927775155,-0.1966669559443851,192
