PortfolioStrategy,Method,MethodLabel,annualized_return,annualized_excess_return,volatility_ann,excess_volatility_ann,sharpe_ratio,max_drawdown,n_obs
LongShort,Method1_ObservedQuality,Observed Quality,0.07382270695446083,0.07382270695446083,0.13281926707046596,0.13281926707046596,0.5558132384158913,-0.2573401654102868,189
LongShort,Method2_LatentQuality,Latent Quality,0.05311589358461815,0.05311589358461815,0.12849525958057914,0.12849525958057914,0.4133685068071268,-0.2624070049175885,189
LongShort,Method3_ConservativeQuality,Conservative Quality,0.08101942450057582,0.08101942450057582,0.13656457352701326,0.13656457352701326,0.5932682423275002,-0.26500935517903135,189
LongShort,Method4_ProbabilisticQuality,Probabilistic Quality,0.08156986390390955,0.08156986390390955,0.133316888439876,0.133316888439876,0.6118494427710589,-0.22675654975116244,189
