PortfolioStrategy,Method,MethodLabel,annualized_return,annualized_excess_return,volatility_ann,excess_volatility_ann,sharpe_ratio,max_drawdown,n_obs
LongShort,Method1_ObservedQuality,Observed Quality,0.08878859258677732,0.08878859258677732,0.13811255344998014,0.13811255344998014,0.6428712696194822,-0.27128758412357745,192
LongShort,Method2_LatentQuality,Latent Quality,0.06062899813823078,0.06062899813823078,0.13523624315830965,0.13523624315830965,0.4483191541135724,-0.27390411539504467,192
LongShort,Method3_ConservativeQuality,Conservative Quality,0.09864977312796058,0.09864977312796058,0.13839539978914286,0.13839539978914286,0.7128110708756352,-0.3085698684102349,192
LongShort,Method4_ProbabilisticQuality,Probabilistic Quality,0.09776244324509173,0.09776244324509173,0.13800529197514758,0.13800529197514758,0.7083963364440915,-0.25623752837486524,192
