PortfolioStrategy,Method,MethodLabel,annualized_return,annualized_excess_return,volatility_ann,excess_volatility_ann,sharpe_ratio,max_drawdown,n_obs
Q5,Method1_ObservedQuality,Observed Quality,0.13616618397499092,0.11664034286388031,0.11779591249684496,0.11806804923107132,0.9879077669488987,-0.20043373295366884,189
Q5,Method2_LatentQuality,Latent Quality,0.13226116574081132,0.11273532462970072,0.12162483910015624,0.1218274571822365,0.9253687734864625,-0.2090963879355371,189
Q5,Method3_ConservativeQuality,Conservative Quality,0.13551684121347055,0.11599100010235991,0.12084024835659363,0.12112390296323666,0.9576227091820623,-0.20057384742659812,189
Q5,Method4_ProbabilisticQuality,Probabilistic Quality,0.13688930704512942,0.11736346593401875,0.11743835613779141,0.11770899210192794,0.9970645728780858,-0.20043373295366884,189
