PortfolioStrategy,Method,MethodLabel,annualized_return,annualized_excess_return,volatility_ann,excess_volatility_ann,sharpe_ratio,max_drawdown,n_obs
Q5,Method1_ObservedQuality,Observed Quality,0.15110324777259998,0.13157740666148937,0.11883127100293027,0.11914261303592992,1.1043689852748948,-0.1956074461072973,189
Q5,Method2_LatentQuality,Latent Quality,0.14718436754462255,0.12765852643351192,0.12267393542003564,0.12291564492226069,1.0385864754177625,-0.2047966747958826,189
Q5,Method3_ConservativeQuality,Conservative Quality,0.15081836532958892,0.1312925242184783,0.1197648896881434,0.12005754207523275,1.0935799779759383,-0.1981815675613139,189
Q5,Method4_ProbabilisticQuality,Probabilistic Quality,0.15196676763256484,0.13244092652145417,0.11845497147297362,0.11876545832615787,1.115146848149571,-0.1956074461072973,189
