{
  "grs_f_stat": 0.6500612010264353,
  "p_value": 0.6275362374894861,
  "alphas": {
    "Method1_Raw": 9.310265249175612e-05,
    "Method2_PostMean": 0.0007821472729303541,
    "Method3_ProbQ5": 0.001555743991539348,
    "Method4_ProbMedian": 0.00019914454194084198
  },
  "n_obs": 192,
  "n_portfolios": 4,
  "n_factors": 6
}