brier_score_model,brier_score_baseline,brier_skill_score,prob_std,auc,log_score
0.20680385250516703,0.16035790335240777,-0.289639289250921,0.22204312496831005,0.514084541658595,-3.11782499972538
