Comparison,alpha_difference,t_stat,p_value,n_obs
Method2_PostMean vs Method1_Raw,-0.0009486535637541394,-0.20332152307150844,0.8389955039848247,192.0
Method3_ProbQ5 vs Method1_Raw,-0.0009959044990193741,-0.2430368086409778,0.8081115600780582,192.0
Method4_ProbMedian vs Method1_Raw,-0.0013073962592633878,-0.3155489738448569,0.7525227779303467,192.0
