brier_score_model,brier_score_baseline,brier_skill_score,prob_std,auc,log_score
0.21962556857949173,0.16039206355215427,-0.36930446379646864,0.23391659222062613,0.5242278279374286,-0.8441212171353943
