PortfolioStrategy,Method,delta_annualized_return_analyst_minus_baseline,delta_annualized_excess_return_analyst_minus_baseline,delta_alpha_annualized_analyst_minus_baseline,delta_t_stat_analyst_minus_baseline,delta_p_value_analyst_minus_baseline
LongShort,Method1_ObservedQuality,0.0,0.0,0.0,0.0,0.0
LongShort,Method2_LatentQuality,0.009651382482244699,0.009651382482244699,0.009529971791186401,0.294213710249076,0.2094855637569779
LongShort,Method3_ConservativeQuality,0.012818149979869003,0.012818149979869003,0.008093139493431399,0.2667090864045249,0.18158357818822563
LongShort,Method4_ProbabilisticQuality,0.0,0.0,0.0,0.0,0.0
Q5,Method1_ObservedQuality,0.0,0.0,0.0,0.0,0.0
Q5,Method2_LatentQuality,0.002178450446396002,0.002178450446396002,0.0006997809803599986,0.07784271089804662,-0.023256296711028607
Q5,Method3_ConservativeQuality,-0.0005242986357170965,-0.0005242986357169993,0.0006109839444770025,0.028341877385720693,-0.007419671032658809
Q5,Method4_ProbabilisticQuality,0.0,0.0,0.0,0.0,0.0
