PortfolioStrategy,Method,delta_annualized_return_analyst_minus_baseline,delta_annualized_excess_return_analyst_minus_baseline,delta_alpha_annualized_analyst_minus_baseline,delta_t_stat_analyst_minus_baseline,delta_p_value_analyst_minus_baseline
LongShort,Method1_ObservedQuality,0.0,0.0,0.0,0.0,0.0
LongShort,Method2_LatentQuality,0.0063885079336594985,0.0063885079336594985,0.007010864351254399,0.2143079355875822,0.16727452153386968
LongShort,Method3_ConservativeQuality,-0.0022864766360007963,-0.0022864766360007963,-0.0018900878050128016,-0.05842750908849137,-0.03802728400518385
LongShort,Method4_ProbabilisticQuality,3.0183832718300163e-05,3.0183832718300163e-05,-4.007737542949946e-05,-0.002120182750848798,-0.0014579575136544065
Q5,Method1_ObservedQuality,0.0,0.0,0.0,0.0,0.0
Q5,Method2_LatentQuality,0.0039050667677384965,0.0039050667677383993,0.0053963982490934995,0.40477031945096553,-0.15437976591649472
Q5,Method3_ConservativeQuality,-0.0021309288915422886,-0.0021309288915422053,-0.0007908293944215022,-0.05871108176858808,0.0157687044524987
Q5,Method4_ProbabilisticQuality,0.0,0.0,0.0,0.0,0.0
