Comparison,alpha_difference,t_stat,p_value,n_obs
Method2_PostMean vs Method1_Raw,-0.0005020798661673532,-0.11054203243934752,0.9120394517740222,192.0
Method3_ProbQ5 vs Method1_Raw,-0.0010817222816637381,-0.2675549076558579,0.7891910238294564,192.0
Method4_ProbMedian vs Method1_Raw,-0.0010153262950755363,-0.24844879017959465,0.8039250259108894,192.0
