PortfolioStrategy,Method,MethodLabel,annualized_return,annualized_excess_return,volatility_ann,excess_volatility_ann,sharpe_ratio,max_drawdown,n_obs
LongShort,Method1_ObservedQuality,Observed Quality,0.02511000975158968,0.02511000975158968,0.1046360379227854,0.1046360379227854,0.23997477590005112,-0.27226302002327674,141
LongShort,Method2_LatentQuality,Latent Quality,0.02755693376375457,0.02755693376375457,0.10480462683157872,0.10480462683157872,0.2629362328443631,-0.2702502122442664,141
LongShort,Method3_ConservativeQuality,Conservative Quality,0.03792613506316721,0.03792613506316721,0.10766515071369849,0.10766515071369849,0.3522600842683052,-0.285232130312827,141
LongShort,Method4_ProbabilisticQuality,Probabilistic Quality,0.022135847824315477,0.022135847824315477,0.10453409397896081,0.10453409397896081,0.21175720745014232,-0.285793423110115,141
