PortfolioStrategy,Method,MethodLabel,annualized_return,annualized_excess_return,volatility_ann,excess_volatility_ann,sharpe_ratio,max_drawdown,n_obs
Q5,Method1_ObservedQuality,Observed Quality,0.10899048421052857,0.08984934945875601,0.12512021664677642,0.12552931273852397,0.7157638921031227,-0.21685057019805698,141
Q5,Method2_LatentQuality,Latent Quality,0.10501588709050678,0.08587475233873425,0.1267583226836689,0.12709147055555362,0.6756924911117232,-0.22755823642301876,141
Q5,Method3_ConservativeQuality,Conservative Quality,0.10589165516608665,0.0867505204143141,0.1254857163289296,0.12589241664925277,0.6890845590486089,-0.2160225607668388,141
Q5,Method4_ProbabilisticQuality,Probabilistic Quality,0.10712588706878085,0.08798475231700831,0.12486808425024996,0.1252741190084701,0.7023378253496992,-0.21599144729698905,141
