PortfolioStrategy,Method,MethodLabel,annualized_return,annualized_excess_return,volatility_ann,excess_volatility_ann,sharpe_ratio,max_drawdown,n_obs
Q5,Method1_ObservedQuality,Observed Quality,0.13818654686660659,0.11904541211483402,0.12586396977351108,0.12617382610939262,0.9435032271401655,-0.2075890820928208,141
Q5,Method2_LatentQuality,Latent Quality,0.13716910268229376,0.11802796793052117,0.12493471675163516,0.1252062913686873,0.9426680292204442,-0.21386095926852977,141
Q5,Method3_ConservativeQuality,Conservative Quality,0.14005253488473274,0.12091140013296015,0.1271813323524673,0.1274227784158965,0.9488994168555657,-0.21538803014639019,141
Q5,Method4_ProbabilisticQuality,Probabilistic Quality,0.13589859009797958,0.11675745534620699,0.12557227310893002,0.12587629956255825,0.92755709972377,-0.21112230256109144,141
LongShort,Method1_ObservedQuality,Observed Quality,0.02511000975158968,0.02511000975158968,0.1046360379227854,0.1046360379227854,0.23997477590005112,-0.27226302002327674,141
LongShort,Method2_LatentQuality,Latent Quality,0.02524453439640245,0.02524453439640245,0.10425862374082034,0.10425862374082034,0.24213377743368836,-0.2908998084623151,141
LongShort,Method3_ConservativeQuality,Conservative Quality,0.03877450010476566,0.03877450010476566,0.10703402746088543,0.10703402746088543,0.36226330097627535,-0.3158077850796043,141
LongShort,Method4_ProbabilisticQuality,Probabilistic Quality,0.022135847824315477,0.022135847824315477,0.10453409397896081,0.10453409397896081,0.21175720745014232,-0.285793423110115,141
