PortfolioStrategy,Method,MethodLabel,annualized_return,annualized_excess_return,volatility_ann,excess_volatility_ann,sharpe_ratio,max_drawdown,n_obs
Q5,Method1_ObservedQuality,Observed Quality,0.13616618397499092,0.11664034286388031,0.11779591249684496,0.11806804923107132,0.9879077669488987,-0.20043373295366884,189
Q5,Method2_LatentQuality,Latent Quality,0.13297208604451186,0.11344624493340122,0.12012592771099924,0.12038200693929832,0.9423853931144842,-0.20211122431431117,189
Q5,Method3_ConservativeQuality,Conservative Quality,0.1328137451190284,0.11328790400791777,0.12057335773495714,0.12084704989294075,0.9374486518974218,-0.206237486453554,189
Q5,Method4_ProbabilisticQuality,Probabilistic Quality,0.13688457342601357,0.11735873231490293,0.11744013291178708,0.11771073885840312,0.9970095630448499,-0.20043373295366884,189
