PortfolioStrategy,Method,MethodLabel,annualized_return,annualized_excess_return,volatility_ann,excess_volatility_ann,sharpe_ratio,max_drawdown,n_obs
Q5,Method1_ObservedQuality,Observed Quality,0.13616618397499092,0.11664034286388031,0.11779591249684496,0.11806804923107132,0.9879077669488987,-0.20043373295366884,189
Q5,Method2_LatentQuality,Latent Quality,0.1337203226657701,0.1141944815546595,0.12274374254149975,0.12305225199753285,0.9280161858146981,-0.21314251160729125,189
Q5,Method3_ConservativeQuality,Conservative Quality,0.136927750990545,0.11740190987943437,0.12200774409059428,0.12227514473315168,0.9601453356333991,-0.21648149506927028,189
Q5,Method4_ProbabilisticQuality,Probabilistic Quality,0.13690239191753942,0.1173765508064288,0.11743778437311568,0.11770811905845129,0.9971831318461741,-0.20043373295366884,189
