Comparison,alpha_difference,t_stat,p_value,n_obs
Method2_LatentQuality vs Method1_ObservedQuality,-0.000312843750311338,-0.07728532514103204,0.9384390282282786,189.0
Method3_ConservativeQuality vs Method1_ObservedQuality,-2.7789088509218275e-06,-0.0006070006658249218,0.9995160160904537,189.0
Method4_ProbabilisticQuality vs Method1_ObservedQuality,0.00013860051037729306,0.030517563505470607,0.975671011818674,189.0
