Comparison,alpha_difference,t_stat,p_value,n_obs
Method2_LatentQuality vs Method1_ObservedQuality,-0.00031284375031132017,-0.07728532514102768,0.9384390282282822,189.0
Method3_ConservativeQuality vs Method1_ObservedQuality,-2.7789088509156887e-06,-0.0006070006658235812,0.9995160160904548,189.0
Method4_ProbabilisticQuality vs Method1_ObservedQuality,0.0001386005103773038,0.03051756350547297,0.975671011818672,189.0
