{
  "model": "FF5_MOM",
  "grs_f_stat": 0.1631606301236347,
  "p_value": 0.9567502758106419,
  "reject_h0_5pct": false,
  "alphas": {
    "Method1_ObservedQuality": -0.00016791064728001733,
    "Method2_LatentQuality": -0.0003627417543708834,
    "Method3_ConservativeQuality": -0.000346805499386811,
    "Method4_ProbabilisticQuality": -0.0001682131513322778
  },
  "n_obs": 189,
  "n_portfolios": 4,
  "n_factors": 6
}