{
  "model": "FF5_MOM",
  "grs_f_stat": 0.163160630123628,
  "p_value": 0.9567502758106451,
  "reject_h0_5pct": false,
  "alphas": {
    "Method1_ObservedQuality": -0.00016791064728001367,
    "Method2_LatentQuality": -0.0003627417543708825,
    "Method3_ConservativeQuality": -0.000346805499386814,
    "Method4_ProbabilisticQuality": -0.00016821315133228385
  },
  "n_obs": 189,
  "n_portfolios": 4,
  "n_factors": 6
}