brier_score_model,brier_score_baseline,brier_skill_score,prob_std,auc,log_score
0.24096625696420423,0.1603370783556099,-0.5028729438974042,0.27255191485292657,0.5195231325758821,-1.410872688248014
