brier_score_model,brier_score_baseline,brier_skill_score,prob_std,auc,log_score
0.2596808391597945,0.1603370783556099,-0.6195931834547412,0.31294582942878485,0.5108050476054826,-3.997439635903964
