Comparison,alpha_difference,t_stat,p_value,n_obs
Method2_PostMean vs Method1_Raw,-0.00072329121214703,-0.17964044394025994,0.8575331886970305,192.0
Method3_ProbQ5 vs Method1_Raw,-0.0028018619847856125,-0.6978359908776728,0.4857180644875987,192.0
