{
  "grs_f_stat": 1.2695038201622773,
  "p_value": 0.28625851831197224,
  "alphas": {
    "Method1_Raw": -0.00043154603488593116,
    "Method2_PostMean": -0.0007379224965920316,
    "Method3_ProbQ5": -0.00095327330185545
  },
  "n_obs": 192,
  "n_portfolios": 3,
  "n_factors": 6
}