brier_score_model,brier_score_baseline,brier_skill_score,prob_std,auc,log_score
0.22022186728316642,0.16031459823233032,-0.37368567623528315,0.25418615731099475,0.5343541255929956,-1.3867999956718444
