Comparison,alpha_difference,t_stat,p_value,n_obs
Method2_PostMean vs Method1_Raw,-0.0014633642621598795,-0.35399633839578176,0.7235432672635458,192.0
Method3_ProbQ5 vs Method1_Raw,-0.001773033760267072,-0.44936911918295486,0.6534285148226726,192.0
