brier_score_model,brier_score_baseline,brier_skill_score,prob_std,auc,log_score
0.21993820701778682,0.16027411586424462,-0.37226280008980916,0.23006424454650026,0.5298097561795743,-1.0055711797294218
