Comparison,alpha_difference,t_stat,p_value,n_obs
Method2_LatentQuality vs Method1_ObservedQuality,-0.001055359569604954,-0.22758804692666765,0.8201400405019155,141.0
Method3_ConservativeQuality vs Method1_ObservedQuality,-0.0002951318312927947,-0.06457583476085786,0.9485598663670367,141.0
Method4_ProbabilisticQuality vs Method1_ObservedQuality,-2.501183317857574e-05,-0.005224233696423338,0.9958355701558459,141.0
