Comparison,alpha_difference,t_stat,p_value,n_obs
Method2_LatentQuality vs Method1_ObservedQuality,-0.0012063056456900916,-0.272666829065503,0.785319308026345,141.0
Method3_ConservativeQuality vs Method1_ObservedQuality,-0.0003999778545721571,-0.08518074704897986,0.9321812949990622,141.0
Method4_ProbabilisticQuality vs Method1_ObservedQuality,-8.330411101731272e-05,-0.018162152543403892,0.9855230094447434,141.0
