{
  "model": "FF5_MOM",
  "grs_f_stat": 0.1090158339414906,
  "p_value": 0.9791920647694372,
  "reject_h0_5pct": false,
  "alphas": {
    "Method1_ObservedQuality": 0.0005788051191394183,
    "Method2_LatentQuality": 0.0004096129877301193,
    "Method3_ConservativeQuality": 0.000545211886811032,
    "Method4_ProbabilisticQuality": 0.0005986362767888192
  },
  "n_obs": 141,
  "n_portfolios": 4,
  "n_factors": 6
}