{
  "model": "FF5_MOM",
  "grs_f_stat": 0.07349768562239348,
  "p_value": 0.990077675719226,
  "reject_h0_5pct": false,
  "alphas": {
    "Method1_ObservedQuality": 0.0005788051191394183,
    "Method2_LatentQuality": 0.0005163882638412419,
    "Method3_ConservativeQuality": 0.00046759989756642865,
    "Method4_ProbabilisticQuality": 0.0005986362767888192
  },
  "n_obs": 141,
  "n_portfolios": 4,
  "n_factors": 6
}