brier_score_model,brier_score_baseline,brier_skill_score,prob_std,auc,log_score
0.25160344664186446,0.1603855933443371,-0.56874094109992,0.30556060008016284,0.5072539445087358,-1.2113297453701213
