brier_score_model,brier_score_baseline,brier_skill_score,prob_std,auc,log_score
0.25171560420004346,0.16091848465788536,-0.5642429440918106,0.3028474236551593,0.5043835774736118,-1.2134156603812083
