Comparison,alpha_difference,t_stat,p_value,n_obs
Method2_PostMean vs Method1_Raw,0.0010553072798406248,0.2520090796930233,0.8011739691247557,192.0
Method3_ProbQ5 vs Method1_Raw,0.000778083165462848,0.19501894708639853,0.8454851572457251,192.0
Method4_ProbMedian vs Method1_Raw,0.001099351265292473,0.2760191578940753,0.7826874527608378,192.0
