brier_score_model,brier_score_baseline,brier_skill_score,prob_std,auc,log_score
0.2056268457726818,0.16035790335240777,-0.28229941570631256,0.2206279617416915,0.5138141250127772,-3.015207216348974
