PortfolioStrategy,Method,MethodLabel,annualized_return,annualized_excess_return,volatility_ann,excess_volatility_ann,sharpe_ratio,max_drawdown,n_obs
Q5,Method1_ObservedQuality,Observed Quality,0.13616618397499092,0.11664034286388031,0.11779591249684496,0.11806804923107132,0.9879077669488987,-0.20043373295366884,189
Q5,Method2_LatentQuality,Latent Quality,0.1333014562224713,0.11377561511136068,0.1187160223502485,0.11897644820580532,0.9562868687637385,-0.20294096347447843,189
Q5,Method3_ConservativeQuality,Conservative Quality,0.13387865011973965,0.11435280900862907,0.11891938005800819,0.11916551025250668,0.9596133039360155,-0.20294096347447854,189
Q5,Method4_ProbabilisticQuality,Probabilistic Quality,0.13688457342601357,0.11735873231490293,0.11744013291178708,0.11771073885840312,0.9970095630448499,-0.20043373295366884,189
