Comparison,alpha_difference,t_stat,p_value,n_obs
Method2_LatentQuality vs Method1_ObservedQuality,0.0002594254456728222,0.055311364867716234,0.9559207544471982,189.0
Method3_ConservativeQuality vs Method1_ObservedQuality,-3.709830900442204e-05,-0.007514087297051302,0.9940087985739978,189.0
Method4_ProbabilisticQuality vs Method1_ObservedQuality,0.000114958519381975,0.02337296666680081,0.9813655759998072,189.0
