Comparison,alpha_difference,t_stat,p_value,n_obs
Method2_LatentQuality vs Method1_ObservedQuality,0.000362119040238482,0.08425733878258058,0.9328981502640785,189.0
Method3_ConservativeQuality vs Method1_ObservedQuality,-1.5932148229356492e-05,-0.0034687990223245396,0.9972342046160521,189.0
Method4_ProbabilisticQuality vs Method1_ObservedQuality,0.00014387034549668675,0.03166690615076106,0.9747550428068494,189.0
