Comparison,alpha_difference,t_stat,p_value,n_obs
Method2_LatentQuality vs Method1_ObservedQuality,-0.00057246211825915,-0.1341845525413415,0.8933295985830421,192.0
Method4_ProbabilisticQuality vs Method1_ObservedQuality,0.00011350357520245602,0.024291042847076123,0.9806335527898098,192.0
Method3_ConservativeQuality vs Method1_ObservedQuality,0.0002706448641420327,0.05767356667880276,0.954039782839553,192.0
