Comparison,alpha_difference,t_stat,p_value,n_obs
Method2_LatentQuality vs Method1_ObservedQuality,0.000362119040238482,0.08425733878258058,0.9328981502640785,189.0
Method3_ConservativeQuality vs Method1_ObservedQuality,0.00011870643291896424,0.025949410310219426,0.9793119096669183,189.0
Method4_ProbabilisticQuality vs Method1_ObservedQuality,0.00014387034549668675,0.03166690615076106,0.9747550428068494,189.0
