Comparison,alpha_difference,t_stat,p_value,n_obs
Method2_LatentQuality vs Method1_ObservedQuality,0.0005154543041808526,0.1336065532218771,0.8937875370173127,189.0
Method3_ConservativeQuality vs Method1_ObservedQuality,0.0003276780651430677,0.08044717861110742,0.93592581688058,189.0
Method4_ProbabilisticQuality vs Method1_ObservedQuality,0.00016059440444950081,0.03962236018631201,0.9684159230720533,189.0
