{
  "model": "FF5_MOM",
  "grs_f_stat": 0.19115660145164085,
  "p_value": 0.9427843230979657,
  "reject_h0_5pct": false,
  "alphas": {
    "Method1_ObservedQuality": -0.00016791064728001733,
    "Method2_LatentQuality": -0.0003787175202268099,
    "Method3_ConservativeQuality": -0.00016707595468145881,
    "Method4_ProbabilisticQuality": -0.0001663247057846889
  },
  "n_obs": 189,
  "n_portfolios": 4,
  "n_factors": 6
}