{
  "model": "FF5_MOM",
  "grs_f_stat": 0.32045849225139494,
  "p_value": 0.8640204732204082,
  "reject_h0_5pct": false,
  "alphas": {
    "Method1_ObservedQuality": 0.00013803010508016593,
    "Method2_LatentQuality": -2.136957221597049e-05,
    "Method3_ConservativeQuality": 0.00021864960920794585,
    "Method4_ProbabilisticQuality": 0.00012525167689745922
  },
  "n_obs": 189,
  "n_portfolios": 4,
  "n_factors": 6
}