{
  "model": "FF5_MOM",
  "grs_f_stat": 0.1478242858533331,
  "p_value": 0.9637710537789627,
  "reject_h0_5pct": false,
  "alphas": {
    "Method1_ObservedQuality": -0.0002666288356104142,
    "Method2_LatentQuality": -0.0004839535338971007,
    "Method3_ConservativeQuality": -0.00032650194058048837,
    "Method4_ProbabilisticQuality": -0.0002717525758129944
  },
  "n_obs": 189,
  "n_portfolios": 4,
  "n_factors": 6
}