{
  "model": "FF5_MOM",
  "grs_f_stat": 0.8006108345049481,
  "p_value": 0.5262297927730666,
  "reject_h0_5pct": false,
  "alphas": {
    "Method1_ObservedQuality": 9.307095941519056e-05,
    "Method2_LatentQuality": -0.0002051272680882394,
    "Method4_ProbabilisticQuality": 0.00010803080782977407,
    "Method3_ConservativeQuality": 0.0002373719458980536
  },
  "n_obs": 192,
  "n_portfolios": 4,
  "n_factors": 6
}