brier_score_model,brier_score_baseline,brier_skill_score,prob_std,auc,log_score
0.23433092009233136,0.1603370783556099,-0.46148927307139354,0.25054112365592357,0.5186902192372167,-0.9492325104225131
