brier_score_model,brier_score_baseline,brier_skill_score,prob_std,auc,log_score
0.2324281703937818,0.16039206355215427,-0.44912513279189614,0.25123383862314363,0.5265726089682674,-0.9263729101981609
