brier_score_model,brier_score_baseline,brier_skill_score,prob_std,auc,log_score
0.2348286432615082,0.1603370783556099,-0.4645935030740942,0.2505411236559235,0.5187915657766432,-0.9549001913843423
