brier_score_model,brier_score_baseline,brier_skill_score,prob_std,auc,log_score
0.23543852487204195,0.1604854007642689,-0.46704014041669084,0.24991854712375974,0.5135163030410265,-0.955751361404005
