Comparison,alpha_difference,t_stat,p_value
Method2_PostMean minus Method1_Raw,-0.0010086458070107,-0.2507229381195902,0.8021674946750053
Method3_ProbQ5 minus Method1_Raw,-0.0021335836230774,-0.5478612875930748,0.584117503024665
