Method,Q1,Q2,Q3,Q4,Q5,Q5-Q1
Method1_Raw,0.0417070287830712,0.034073791065751,0.074938170644856,0.0789335533655365,0.0724024474089138,
Method2_PostMean,0.0560287557096729,0.0135658006605537,0.0853934376705529,0.0870426178135098,0.0676973340010745,
Method3_ProbQ5,0.0710643297622616,0.0376420392388589,0.0589243111559593,0.0825975591698609,0.0717083720501021,
