PortfolioStrategy,Method,MethodLabel,annualized_return,annualized_excess_return,volatility_ann,excess_volatility_ann,sharpe_ratio,max_drawdown,n_obs
LongShort,Method1_ObservedQuality,Observed Quality,0.02511000975158968,0.02511000975158968,0.1046360379227854,0.1046360379227854,0.23997477590005112,-0.27226302002327674,141
LongShort,Method2_LatentQuality,Latent Quality,0.021657828599490454,0.021657828599490454,0.10579624452701453,0.10579624452701453,0.20471264075881482,-0.26858640449491245,141
LongShort,Method3_ConservativeQuality,Conservative Quality,0.03797536377483838,0.03797536377483838,0.10704963219867851,0.10704963219867851,0.3547453923462165,-0.2920409625240301,141
LongShort,Method4_ProbabilisticQuality,Probabilistic Quality,0.022105663991597108,0.022105663991597108,0.10457369378497551,0.10457369378497551,0.2113883825988856,-0.285793423110115,141
