Comparison,alpha_difference,t_stat,p_value,n_obs
Method2_PostMean vs Method1_Raw,-0.00035288580755113864,-0.08779506982586724,0.9300870528211409,192.0
Method3_ProbQ5 vs Method1_Raw,-0.003501848676723223,-0.8811453364102237,0.3788111756229946,192.0
