brier_score_model,brier_score_baseline,brier_skill_score,prob_std,auc,log_score
0.22028722694741984,0.16027411586424462,-0.37444044385811814,0.23688678214578787,0.5301783628159203,-1.075225771406938
