PortfolioStrategy,Method,delta_annualized_return_analyst_minus_baseline,delta_annualized_excess_return_analyst_minus_baseline,delta_alpha_annualized_analyst_minus_baseline,delta_t_stat_analyst_minus_baseline,delta_p_value_analyst_minus_baseline
LongShort,Method1_ObservedQuality,0.0,0.0,0.0,0.0,0.0
LongShort,Method2_LatentQuality,0.0089541566225164,0.0089541566225164,0.0076179396277447995,0.229475293160869,0.17880026066920152
LongShort,Method3_ConservativeQuality,-0.00018720609273509964,-0.00018720609273509964,-0.0008007296204519017,-0.01744508267896805,-0.011451870525101215
LongShort,Method4_ProbabilisticQuality,3.0183832718300163e-05,3.0183832718300163e-05,-4.007737542949946e-05,-0.002120182750848798,-0.0014579575136544065
Q5,Method1_ObservedQuality,0.0,0.0,0.0,0.0,0.0
Q5,Method2_LatentQuality,0.005232030866616888,0.005232030866616791,0.0059193761456325,0.4521345774151101,-0.1774690076244949
Q5,Method3_ConservativeQuality,-0.002253393844194096,-0.002253393844194096,-0.0007114580271025024,-0.05399077591123258,0.014550618602104715
Q5,Method4_ProbabilisticQuality,0.0,0.0,0.0,0.0,0.0
