PortfolioStrategy,Method,delta_annualized_return_analyst_minus_baseline,delta_annualized_excess_return_analyst_minus_baseline,delta_alpha_annualized_analyst_minus_baseline,delta_t_stat_analyst_minus_baseline,delta_p_value_analyst_minus_baseline
LongShort,Method1_ObservedQuality,0.0,0.0,0.0,0.0,0.0
LongShort,Method2_LatentQuality,0.0086912035435967,0.0086912035435967,0.0096191129550232,0.2979710394702378,0.2134839985828889
LongShort,Method3_ConservativeQuality,-0.004790345034586703,-0.004790345034586703,-0.0061720775959657,-0.21221718727500866,-0.1646110884172185
LongShort,Method4_ProbabilisticQuality,0.0,0.0,0.0,0.0,0.0
Q5,Method1_ObservedQuality,0.0,0.0,0.0,0.0,0.0
Q5,Method2_LatentQuality,0.001202085634639305,0.001202085634639291,0.0006298830287928998,0.06774680083352869,-0.020139735576463397
Q5,Method3_ConservativeQuality,-0.000673119366716185,-0.0006731193667161989,-0.0005736532335193015,-0.03736839189750607,0.011917369823143398
Q5,Method4_ProbabilisticQuality,0.0,0.0,0.0,0.0,0.0
