Comparison,alpha_difference,t_stat,p_value,n_obs
Method2_PostMean vs Method1_Raw,-0.0004703574782835418,-0.11432356699303604,0.9090433119495613,192.0
Method3_ProbQ5 vs Method1_Raw,-0.002219272439693033,-0.5644855360467647,0.5727657775527855,192.0
