{
  "grs_f_stat": 0.19201562261773372,
  "p_value": 0.9017428628630213,
  "alphas": {
    "Method1_Raw": -0.0006290982423103283,
    "Method2_PostMean": -0.0006475593516262311,
    "Method3_ProbQ5": -0.0006048422888368871
  },
  "n_obs": 192,
  "n_portfolios": 3,
  "n_factors": 6
}