{
  "grs_f_stat": 0.6589796196890024,
  "p_value": 0.5783028214066965,
  "alphas": {
    "Method1_Raw": 9.31026524917461e-05,
    "Method2_PostMean": -7.786634826119212e-05,
    "Method3_ProbQ5": 0.0002064552529627516
  },
  "n_obs": 192,
  "n_portfolios": 3,
  "n_factors": 6
}