brier_score_model,brier_score_baseline,brier_skill_score,prob_std,auc,log_score
0.22116506264384797,0.16035790335240777,-0.37919652240531243,0.2332904880996082,0.5241132747663773,-1.0464554824800825
