Comparison,alpha_difference,t_stat,p_value,n_obs
Method2_PostMean vs Method1_Raw,-0.0009528780899143927,-0.20400736281160145,0.8384599067510856,192.0
Method3_ProbQ5 vs Method1_Raw,-0.0012133676920935397,-0.2975987077469846,0.766176483320852,192.0
