Comparison,alpha_difference,t_stat,p_value,n_obs
Method2_PostMean vs Method1_Raw,-0.0015497585927453505,-0.37302722516245784,0.7093417900238688,192.0
Method3_ProbQ5 vs Method1_Raw,-0.0015568311400443193,-0.3923872871584323,0.6949980143623298,192.0
