{
  "grs_f_stat": 1.5296318755047278,
  "p_value": 0.2083434238086036,
  "alphas": {
    "Method1_Raw": -0.0006290982423103283,
    "Method2_PostMean": -0.0008882208306315589,
    "Method3_ProbQ5": -0.00047103129704077263
  },
  "n_obs": 192,
  "n_portfolios": 3,
  "n_factors": 6
}