brier_score_model,brier_score_baseline,brier_skill_score,prob_std,auc,log_score
0.21993906811596958,0.16027411586424462,-0.37226817274888213,0.2301364312392022,0.5298452922029124,-1.0062632064527617
