PortfolioStrategy,Method,MethodLabel,annualized_return,annualized_excess_return,volatility_ann,excess_volatility_ann,sharpe_ratio,max_drawdown,n_obs
Q5,Method1_ObservedQuality,Observed Quality,0.13028361342643646,0.11075777231532585,0.11660368106474925,0.11689852613135795,0.9474693649333801,-0.18881246676327046,189
Q5,Method2_LatentQuality,Latent Quality,0.1349208636281211,0.1153950225170105,0.11706636991739307,0.11728815497682064,0.9838591334292515,-0.19360883630648462,189
Q5,Method3_ConservativeQuality,Conservative Quality,0.1323604394323907,0.11283459832128004,0.11635592794660046,0.11660345737833742,0.9676779819244231,-0.18800635607525706,189
Q5,Method4_ProbabilisticQuality,Probabilistic Quality,0.13706790955143558,0.11754206844032496,0.11534829674410732,0.11565681784356971,1.0163003844641922,-0.19981357875929362,189
LongShort,Method1_ObservedQuality,Observed Quality,0.06689320417465291,0.06689320417465291,0.12088892715862394,0.12088892715862394,0.5533443446551499,-0.26495666361757575,189
LongShort,Method2_LatentQuality,Latent Quality,0.05850513268371661,0.05850513268371661,0.1186461239255258,0.1186461239255258,0.4931061441201425,-0.25224933919760906,189
LongShort,Method3_ConservativeQuality,Conservative Quality,0.07243932864461722,0.07243932864461722,0.11856978254206364,0.11856978254206364,0.6109425782148057,-0.31421988677321133,189
LongShort,Method4_ProbabilisticQuality,Probabilistic Quality,0.07093826483650367,0.07093826483650367,0.1256839551447842,0.1256839551447842,0.5644178268800094,-0.2470053258451279,189
