PortfolioStrategy,Method,MethodLabel,annualized_return,annualized_excess_return,volatility_ann,excess_volatility_ann,sharpe_ratio,max_drawdown,n_obs
LongShort,Method1_ObservedQuality,Observed Quality,0.08268793389520301,0.08268793389520301,0.12147326302447116,0.12147326302447116,0.6807089217529727,-0.25336077648243505,189
LongShort,Method2_LatentQuality,Latent Quality,0.072954788467882,0.072954788467882,0.11911670428606988,0.11911670428606988,0.6124648000054994,-0.2420315248217012,189
LongShort,Method3_ConservativeQuality,Conservative Quality,0.09218309691210136,0.09218309691210136,0.12175654339411439,0.12175654339411439,0.7571100028169608,-0.25150975495720607,189
LongShort,Method4_ProbabilisticQuality,Probabilistic Quality,0.08576848468959367,0.08576848468959367,0.12566737680016565,0.12566737680016565,0.6825039789442044,-0.21406321762565994,189
