PortfolioStrategy,Method,MethodLabel,annualized_return,annualized_excess_return,volatility_ann,excess_volatility_ann,sharpe_ratio,max_drawdown,n_obs
Q5,Method1_ObservedQuality,Observed Quality,0.13028361342643646,0.11075777231532585,0.11660368106474925,0.11689852613135795,0.9474693649333801,-0.18881246676327046,189
Q5,Method2_LatentQuality,Latent Quality,0.1349208636281211,0.1153950225170105,0.11706636991739307,0.11728815497682064,0.9838591334292515,-0.19360883630648462,189
Q5,Method3_ConservativeQuality,Conservative Quality,0.1323604394323907,0.11283459832128004,0.11635592794660046,0.11660345737833742,0.9676779819244231,-0.18800635607525706,189
Q5,Method4_ProbabilisticQuality,Probabilistic Quality,0.13706790955143558,0.11754206844032496,0.11534829674410732,0.11565681784356971,1.0163003844641922,-0.19981357875929362,189
