PortfolioStrategy,Method,MethodLabel,annualized_return,annualized_excess_return,volatility_ann,excess_volatility_ann,sharpe_ratio,max_drawdown,n_obs
LongShort,Method1_ObservedQuality,Observed Quality,0.06670763440843494,0.06670763440843494,0.12001746448233948,0.12001746448233948,0.5558160614053878,-0.23843736611748034,189
LongShort,Method2_LatentQuality,Latent Quality,0.06138340994282375,0.06138340994282375,0.11814875018533189,0.11814875018533189,0.5195434555721985,-0.22298660506878565,189
LongShort,Method3_ConservativeQuality,Conservative Quality,0.07606769934345989,0.07606769934345989,0.12075506225616754,0.12075506225616754,0.629933834012617,-0.23411022837325235,189
LongShort,Method4_ProbabilisticQuality,Probabilistic Quality,0.06963805235346074,0.06963805235346074,0.1252079378184622,0.1252079378184622,0.5561792132894026,-0.21378189340478682,189
