PortfolioStrategy,Method,MethodLabel,annualized_return,annualized_excess_return,volatility_ann,excess_volatility_ann,sharpe_ratio,max_drawdown,n_obs
Q5,Method1_ObservedQuality,Observed Quality,0.13028361342643646,0.11075777231532585,0.11660368106474925,0.11689852613135795,0.9474693649333801,-0.18881246676327046,189
Q5,Method2_LatentQuality,Latent Quality,0.13382262264456343,0.1142967815334528,0.11651742795185595,0.11674153191997746,0.9790584349347029,-0.19485582224719222,189
Q5,Method3_ConservativeQuality,Conservative Quality,0.13254544404216503,0.11301960293105441,0.11605618316372855,0.11631248961609515,0.9716893113034606,-0.18805247742615383,189
Q5,Method4_ProbabilisticQuality,Probabilistic Quality,0.1371893389260479,0.11766349781493729,0.1154553500076473,0.11576385511010517,1.0164096358317138,-0.19920964013550368,189
LongShort,Method1_ObservedQuality,Observed Quality,0.06689320417465291,0.06689320417465291,0.12088892715862394,0.12088892715862394,0.5533443446551499,-0.26495666361757575,189
LongShort,Method2_LatentQuality,Latent Quality,0.06807573773421646,0.06807573773421646,0.11985713585753965,0.11985713585753965,0.5679740071140215,-0.26263878269609575,189
LongShort,Method3_ConservativeQuality,Conservative Quality,0.07794534719887318,0.07794534719887318,0.12098204468783917,0.12098204468783917,0.6442720273077684,-0.26675243215446376,189
LongShort,Method4_ProbabilisticQuality,Probabilistic Quality,0.0671338980999994,0.0671338980999994,0.12692549072491113,0.12692549072491113,0.5289236836239649,-0.2567608815399991,189
