PortfolioStrategy,Method,MethodLabel,annualized_return,annualized_excess_return,volatility_ann,excess_volatility_ann,sharpe_ratio,max_drawdown,n_obs
Q5,Method1_ObservedQuality,Observed Quality,0.09716911610751447,0.07764327499640382,0.11712544360085037,0.11746719063022935,0.6609783938803323,-0.198947729010862,189
Q5,Method2_LatentQuality,Latent Quality,0.10135869166884287,0.08183285055773225,0.11725421598232189,0.11752266248716266,0.6963154920581474,-0.20427856352666174,189
Q5,Method3_ConservativeQuality,Conservative Quality,0.09973596423271883,0.08021012312160816,0.11660170967925437,0.11690624197699583,0.686106419684515,-0.19472673928246176,189
Q5,Method4_ProbabilisticQuality,Probabilistic Quality,0.10408580288532684,0.08455996177421621,0.11580606889897846,0.11614644665435668,0.7280460505680424,-0.2081189564257273,189
