PortfolioStrategy,Method,MethodLabel,annualized_return,annualized_excess_return,volatility_ann,excess_volatility_ann,sharpe_ratio,max_drawdown,n_obs
LongShort,Method1_ObservedQuality,Observed Quality,0.06689320417465291,0.06689320417465291,0.12088892715862394,0.12088892715862394,0.5533443446551499,-0.26495666361757575,189
LongShort,Method2_LatentQuality,Latent Quality,0.05850513268371661,0.05850513268371661,0.1186461239255258,0.1186461239255258,0.4931061441201425,-0.25224933919760906,189
LongShort,Method3_ConservativeQuality,Conservative Quality,0.07668995597065364,0.07668995597065364,0.12142602868353507,0.12142602868353507,0.6315775686819652,-0.2627579324247189,189
LongShort,Method4_ProbabilisticQuality,Probabilistic Quality,0.07093826483650367,0.07093826483650367,0.1256839551447842,0.1256839551447842,0.5644178268800094,-0.2470053258451279,189
