Exchange,n_firm_years,n_firms,mean_sigma,median_sigma,mean_lambda,mean_uncertainty_weight,mean_abs_latent_adjustment,mean_abs_conservative_adjustment,mean_latent_adjustment,mean_conservative_adjustment
Oslo,1530,143,0.10525582340748478,0.09480972877087955,0.8899582906224015,0.1100417093775985,0.06951627563722933,0.04401668375103942,0.022939560663990454,-0.04401668375103942
Stockholm,2795,254,0.10111610789609246,0.0808726678502182,0.8953489334211551,0.1046510665788449,0.052289730446742434,0.04186042663153799,0.004905619712906401,-0.04186042663153799
Copenhagen,1183,86,0.1058257243074367,0.0809625300653446,0.885313048731083,0.11468695126891694,0.04368974919081422,0.04587478050756679,0.00044288247768671946,-0.04587478050756679
Helsinki,1460,112,0.09405758090721891,0.0825279645260305,0.9125415842470161,0.08745841575298384,0.031474769819647724,0.03498336630119355,-0.0015274504152872441,-0.03498336630119355
Iceland,178,19,0.07306020614783537,0.0667203950345627,0.93299112264294,0.06700887735705999,0.013303453924378556,0.026803550942824023,-0.00270951022216487,-0.026803550942824023
